description,1003,1004,1005,1008,1062
"ALMOND MILK, UNSWEETENED, PLAIN, SHELF STABLE",,1.22125,,,
"APPLE JUICE FROM CONCENTRATE WITH ADDED VITAMIN C, SHELF STABLE",,0.28625,,,
"APPLES, FUJI",,0.1625,,,
"APPLES, FUJI, WITH SKIN, RAW",,0.1625,,,
"APPLES, GALA",,0.15000000000000002,,,
"APPLES, GALA, WITH SKIN, RAW",,0.15000000000000002,,,
"APPLES, GRANNY SMITH",,0.1375,,,
"APPLES, GRANNY SMITH, WITH SKIN, RAW",,0.1375,,,
"APPLES, HONEYCRISP",,0.1,,,
"APPLES, HONEYCRISP, WITH SKIN, RAW",,0.1,,,
"APPLES, RED DELICIOUS",,0.2125,,,
"APPLES, RED DELICIOUS, WITH SKIN, RAW",,0.2125,,,
"Almond butter, creamy",20.78734,53.04,21.23666,,
"Almond milk, unsweetened, plain, refrigerated",0.65625,1.558,0.67075,,
"Almond milk, unsweetened, plain, shelf stable",0.5546875,1.221,0.3371125,,
Almonds dry roasted salted,,57.74615384615385,,,
American Cheese,,31.133333333333333,,,
American cheese,,31.127586206896552,,,
"American pasteurized prepared cheese product, with added vitamin D, sliced, individually wrapped",,22.3425,,,
"American pasteurized process cheese food, sliced, individually wrapped",,27.185000000000002,,,
"American pasteurized process cheese food, with added vitamin D, sliced, individually wrapped",,22.44,,,
"American pasteurized process cheese product, sliced, individually wrapped",,24.7,,,
"Anchovies, canned in olive oil, with salt, drained",26.9375,9.853285714285715,2.4095,,
"Apple juice, with added vitamin C, from concentrate, shelf stable",0.0859375,0.2863,11.3639625,,
"Apples, fuji, with skin, raw",0.14921875,0.16125,15.67558125,65.0,271.0
"Apples, gala, with skin, raw",0.13140625,0.15,14.78404375,61.0,256.0
"Apples, granny smith, with skin, raw",0.2678125,0.13875,14.1714875,59.0,247.0
"Apples, honeycrisp, with skin, raw",0.10078125,0.1,14.69096875,60.0,252.0
"Apples, red delicious, with skin, raw",0.18875,0.21125,14.79085,62.0,258.0
"Applesauce, unsweetened, with added vitamin C",0.2734375,0.1625,12.2615625,,
"Apricot, with skin, pitted, raw",,0.405,,,
"Apricot, with skin, raw",0.96125,0.405,10.23875,,
"Arugula, baby, raw",1.64875,0.326875,5.36825,,
"Arugula, baby, raw ",,0.31,,,
"Asparagus, green, raw",1.4375,0.2163,5.1012,,
"Asparagus, green, whole spear, raw",,0.21625,,,
"Avocado, Hass, peeled, pit removed, raw",,20.30875,,,
"Avocado, Hass, peeled, raw",1.8125,20.31,8.3235,,
"BANANAS, OVERRIPE",,0.22333333333333336,,,
"BANANAS, RIPE",,0.21833333333333335,,,
"BANANAS, SLIGHTLY RIPE",,0.36833333333333335,,,
"BEEF BREAKFAST SAUSAGE, BANQUET BROWN N SERVE SAUSAGE LINKS",,28.599999999999998,,,
"BEEF BREAKFAST SAUSAGE, BANQUET BROWN N SERVE SAUSAGE LINKS, MAPLE FLAVOR",,32.5,,,
"BEEF BREAKFAST SAUSAGE, ECKRICH SAUSAGE LINKS",,27.366666666666664,,,
Bacon,,37.42142857142857,,,
"Bacon, cooked",,34.523809523809526,,,
Bacon; cooked,,36.63333333333333,,,
"Bananas, overripe, raw",0.73,0.22,20.1,85.0,357.0
"Bananas, ripe and slightly ripe, raw",0.74,0.29,23.0,97.0,408.0
"Beans, Dry, Black (0% moisture)",24.4,1.45,,,
"Beans, Dry, Black, 11F-8000 (0% moisture)",26.1,1.45,,,
"Beans, Dry, Black, 11F-8002 (0% moisture)",25.2,1.35,,,
"Beans, Dry, Black, 11F-8003 (0% moisture)",23.9,1.67,,,
"Beans, Dry, Black, 11F-8013 (0% moisture)",26.0,1.11,,,
"Beans, Dry, Black, 11F-8015 (0% moisture)",24.0,1.46,,,
"Beans, Dry, Black, 11F-8016 (0% moisture)",21.7,1.55,,,
"Beans, Dry, Black, 11F-8020 (0% moisture)",25.8,1.11,,,
"Beans, Dry, Black, 11F-8023 (0% moisture)",23.1,1.32,,,
"Beans, Dry, Black, 11F-8029 (0% moisture)",24.8,1.75,,,
"Beans, Dry, Black, 11F-8036 (0% moisture)",23.2,1.07,,,
"Beans, Dry, Black, 11F-8039 (0% moisture)",25.7,1.28,,,
"Beans, Dry, Black, 11F-8044 (0% moisture)",23.5,1.49,,,
"Beans, Dry, Black, 11F-8045 (0% moisture)",26.2,1.62,,,
"Beans, Dry, Black, 11F-8046 (0% moisture)",24.6,1.23,,,
"Beans, Dry, Black, 11F-8062 (0% moisture)",24.3,1.29,,,
"Beans, Dry, Black, 11F-8112 (0% moisture)",21.9,1.33,,,
"Beans, Dry, Black, 11F-8116 (0% moisture)",26.0,1.15,,,
"Beans, Dry, Black, 11F-8117 (0% moisture)",25.1,1.28,,,
"Beans, Dry, Black, 11F-8119 (0% moisture)",25.3,1.37,,,
"Beans, Dry, Black, 11F-8122 (0% moisture)",24.2,1.08,,,
"Beans, Dry, Black, 11F-8123 (0% moisture)",23.6,1.44,,,
"Beans, Dry, Black, 11F-8129 (0% moisture)",24.6,0.96,,,
"Beans, Dry, Black, 11F-8135 (0% moisture)",25.1,1.06,,,
"Beans, Dry, Black, 11F-8140 (0% moisture)",26.3,1.14,,,
"Beans, Dry, Black, 11F-8146 (0% moisture)",26.0,1.05,,,
"Beans, Dry, Black, 11F-8150 (0% moisture)",24.4,1.12,,,
"Beans, Dry, Black, 11F-8158 (0% moisture)",24.9,0.97,,,
"Beans, Dry, Black, 11F-8168 (0% moisture)",24.0,1.04,,,
"Beans, Dry, Black, 11F-8177 (0% moisture)",26.2,0.92,,,
"Beans, Dry, Black, 11F-8180 (0% moisture)",25.8,1.54,,,
"Beans, Dry, Black, 214 (0% moisture)",23.5,1.76,,,
"Beans, Dry, Black, 215 (0% moisture)",23.7,2.0,,,
"Beans, Dry, Black, 219 (0% moisture)",21.4,1.64,,,
"Beans, Dry, Black, 221 (0% moisture)",25.3,1.68,,,
"Beans, Dry, Black, 222 (0% moisture)",21.7,1.75,,,
"Beans, Dry, Black, 223 (0% moisture)",23.0,1.78,,,
"Beans, Dry, Black, 225 (0% moisture)",23.7,1.26,,,
"Beans, Dry, Black, 227 (0% moisture)",22.0,1.6,,,
"Beans, Dry, Black, 232 (0% moisture)",23.7,1.4,,,
"Beans, Dry, Black, 238 (0% moisture)",26.0,1.49,,,
"Beans, Dry, Black, 244 (0% moisture)",24.9,1.6,,,
"Beans, Dry, Black, 247 (0% moisture)",24.4,1.26,,,
"Beans, Dry, Black, 248 (0% moisture)",22.6,1.86,,,
"Beans, Dry, Black, 249 (0% moisture)",24.8,1.62,,,
"Beans, Dry, Black, 250 (0% moisture)",23.6,1.55,,,
"Beans, Dry, Black, 251 (0% moisture)",24.4,1.74,,,
"Beans, Dry, Black, 254 (0% moisture)",22.9,1.55,,,
"Beans, Dry, Black, 258 (0% moisture)",22.1,1.71,,,
"Beans, Dry, Black, 259 (0% moisture)",24.7,1.72,,,
"Beans, Dry, Black, 263 (0% moisture)",25.0,1.45,,,
"Beans, Dry, Black, 266 (0% moisture)",25.9,1.41,,,
"Beans, Dry, Black, 267 (0% moisture)",24.3,1.43,,,
"Beans, Dry, Black, 269 (0% moisture)",23.7,1.53,,,
"Beans, Dry, Black, 271 (0% moisture)",25.6,1.44,,,
"Beans, Dry, Black, 273 (0% moisture)",25.1,1.64,,,
"Beans, Dry, Black, 274 (0% moisture)",24.0,1.33,,,
"Beans, Dry, Black, 276 (0% moisture)",24.4,1.54,,,
"Beans, Dry, Black, 278 (0% moisture)",25.6,1.68,,,
"Beans, Dry, Black, 282 (0% moisture)",23.1,1.44,,,
"Beans, Dry, Black, 286 (0% moisture)",23.1,1.46,,,
"Beans, Dry, Black, 288 (0% moisture)",24.4,1.44,,,
"Beans, Dry, Black, 291 (0% moisture)",25.1,1.78,,,
"Beans, Dry, Black, 296 (0% moisture)",24.9,1.34,,,
"Beans, Dry, Black, 297 (0% moisture)",23.5,1.53,,,
"Beans, Dry, Black, 298 (0% moisture)",24.5,1.45,,,
"Beans, Dry, Black, 301 (0% moisture)",25.0,1.01,,,
"Beans, Dry, Black, 303 (0% moisture)",23.6,1.57,,,
"Beans, Dry, Black, 304 (0% moisture)",24.4,1.92,,,
"Beans, Dry, Black, 305 (0% moisture)",23.9,1.96,,,
"Beans, Dry, Black, 310 (0% moisture)",24.8,2.01,,,
"Beans, Dry, Black, 314 (0% moisture)",21.8,1.57,,,
"Beans, Dry, Black, 317 (0% moisture)",21.7,0.98,,,
"Beans, Dry, Black, 318 (0% moisture)",23.6,1.58,,,
"Beans, Dry, Black, 331 (0% moisture)",23.7,1.32,,,
"Beans, Dry, Black, 348 (0% moisture)",26.0,1.05,,,
"Beans, Dry, Black, 395 (0% moisture)",22.2,1.72,,,
"Beans, Dry, Black, 424 (0% moisture)",23.9,1.49,,,
"Beans, Dry, Black, 472 (0% moisture)",25.4,1.28,,,
"Beans, Dry, Black, 522 (0% moisture)",23.5,1.79,,,
"Beans, Dry, Black, 526 (0% moisture)",24.0,1.26,,,
"Beans, Dry, Black, 528 (0% moisture)",25.9,1.42,,,
"Beans, Dry, Black, 529 (0% moisture)",24.2,1.64,,,
"Beans, Dry, Black, 531 (0% moisture)",21.6,1.57,,,
"Beans, Dry, Black, 533 (0% moisture)",23.4,1.45,,,
"Beans, Dry, Black, 534 (0% moisture)",23.3,1.41,,,
"Beans, Dry, Black, 536 (0% moisture)",23.5,1.97,,,
"Beans, Dry, Black, 537 (0% moisture)",23.4,1.69,,,
"Beans, Dry, Black, 542 (0% moisture)",24.0,1.42,,,
"Beans, Dry, Black, 545 (0% moisture)",24.4,1.38,,,
"Beans, Dry, Black, 547 (0% moisture)",25.4,1.57,,,
"Beans, Dry, Black, 550 (0% moisture)",25.0,1.31,,,
"Beans, Dry, Black, 552 (0% moisture)",25.5,1.68,,,
"Beans, Dry, Black, 553 (0% moisture)",25.4,1.7,,,
"Beans, Dry, Black, 562 (0% moisture)",22.3,1.63,,,
"Beans, Dry, Black, 566 (0% moisture)",24.3,1.45,,,
"Beans, Dry, Black, 569 (0% moisture)",24.5,1.38,,,
"Beans, Dry, Black, 570 (0% moisture)",26.3,1.28,,,
"Beans, Dry, Black, 572 (0% moisture)",25.8,1.33,,,
"Beans, Dry, Black, 573 (0% moisture)",25.4,1.14,,,
"Beans, Dry, Black, 574 (0% moisture)",25.2,1.83,,,
"Beans, Dry, Black, 575 (0% moisture)",26.8,0.93,,,
"Beans, Dry, Black, 580 (0% moisture)",23.1,1.4,,,
"Beans, Dry, Black, 583 (0% moisture)",24.7,1.44,,,
"Beans, Dry, Black, 590 (0% moisture)",25.6,1.53,,,
"Beans, Dry, Black, 592 (0% moisture)",26.1,1.57,,,
"Beans, Dry, Black, 596 (0% moisture)",24.9,1.23,,,
"Beans, Dry, Black, 597 (0% moisture)",25.4,1.28,,,
"Beans, Dry, Black, 600 (0% moisture)",24.0,1.5,,,
"Beans, Dry, Black, 601 (0% moisture)",25.8,1.91,,,
"Beans, Dry, Black, 602 (0% moisture)",25.0,1.57,,,
"Beans, Dry, Black, 604 (0% moisture)",25.2,1.51,,,
"Beans, Dry, Black, 607 (0% moisture)",23.9,1.78,,,
"Beans, Dry, Black, 608 (0% moisture)",23.5,1.68,,,
"Beans, Dry, Black, 610 (0% moisture)",26.3,1.46,,,
"Beans, Dry, Black, 611 (0% moisture)",25.8,1.18,,,
"Beans, Dry, Black, 615 (0% moisture)",25.1,1.86,,,
"Beans, Dry, Black, 617 (0% moisture)",23.9,1.41,,,
"Beans, Dry, Black, 619 (0% moisture)",26.2,1.18,,,
"Beans, Dry, Black, 620 (0% moisture)",24.6,1.47,,,
"Beans, Dry, Black, 624 (0% moisture)",24.8,1.4,,,
"Beans, Dry, Black, 625 (0% moisture)",22.8,0.96,,,
"Beans, Dry, Black, 707 (0% moisture)",23.3,1.59,,,
"Beans, Dry, Black, 737 (0% moisture)",26.3,1.08,,,
"Beans, Dry, Black, 745 (0% moisture)",23.8,1.34,,,
"Beans, Dry, Black, 753 (0% moisture)",25.8,1.31,,,
"Beans, Dry, Black, 767 (0% moisture)",24.8,1.32,,,
"Beans, Dry, Brown (0% moisture)",25.6,1.12,,,
"Beans, Dry, Brown, 351 (0% moisture)",25.0,1.11,,,
"Beans, Dry, Brown, 679 (0% moisture)",26.1,1.12,,,
"Beans, Dry, Carioca (0% moisture)",25.2,1.44,,,
"Beans, Dry, Carioca, 11F-8001 (0% moisture)",25.2,1.52,,,
"Beans, Dry, Carioca, 11F-8104 (0% moisture)",24.7,1.33,,,
"Beans, Dry, Carioca, 217 (0% moisture)",25.8,1.48,,,
"Beans, Dry, Carioca, 622 (0% moisture)",24.8,1.43,,,
"Beans, Dry, Cranberry (0% moisture)",24.4,1.23,,,
"Beans, Dry, Cranberry, 11F-8022 (0% moisture)",22.7,1.32,,,
"Beans, Dry, Cranberry, 11F-8131 (0% moisture)",25.5,1.03,,,
"Beans, Dry, Cranberry, 378 (0% moisture)",24.0,1.33,,,
"Beans, Dry, Cranberry, 750 (0% moisture)",25.2,1.24,,,
"Beans, Dry, Dark Red Kidney (0% moisture)",25.9,1.31,,,
"Beans, Dry, Dark Red Kidney, 11F-8040 (0% moisture)",25.4,1.27,,,
"Beans, Dry, Dark Red Kidney, 11F-8074 (0% moisture)",27.0,1.45,,,
"Beans, Dry, Dark Red Kidney, 11F-8130 (0% moisture)",25.6,1.4,,,
"Beans, Dry, Dark Red Kidney, 11F-8132 (0% moisture)",25.5,1.12,,,
"Beans, Dry, Flor de Mayo (0% moisture)",23.3,0.86,,,
"Beans, Dry, Flor de Mayo, 443 (0% moisture)",23.4,0.87,,,
"Beans, Dry, Flor de Mayo, 823 (0% moisture)",23.3,0.85,,,
"Beans, Dry, Great Northern (0% moisture)",24.7,1.24,,,
"Beans, Dry, Great Northern, 11F-8008 (0% moisture)",23.5,1.47,,,
"Beans, Dry, Great Northern, 11F-8010 (0% moisture)",23.1,1.36,,,
"Beans, Dry, Great Northern, 11F-8025 (0% moisture)",26.4,1.6,,,
"Beans, Dry, Great Northern, 11F-8051 (0% moisture)",24.9,1.08,,,
"Beans, Dry, Great Northern, 11F-8052 (0% moisture)",24.2,1.23,,,
"Beans, Dry, Great Northern, 11F-8053 (0% moisture)",23.8,1.1,,,
"Beans, Dry, Great Northern, 11F-8060 (0% moisture)",25.4,1.09,,,
"Beans, Dry, Great Northern, 11F-8063 (0% moisture)",24.2,1.29,,,
"Beans, Dry, Great Northern, 11F-8067 (0% moisture)",24.4,1.17,,,
"Beans, Dry, Great Northern, 11F-8068 (0% moisture)",24.0,1.13,,,
"Beans, Dry, Great Northern, 11F-8077 (0% moisture)",25.5,1.16,,,
"Beans, Dry, Great Northern, 11F-8085 (0% moisture)",24.4,1.09,,,
"Beans, Dry, Great Northern, 11F-8087 (0% moisture)",26.6,1.28,,,
"Beans, Dry, Great Northern, 11F-8090 (0% moisture)",23.2,1.03,,,
"Beans, Dry, Great Northern, 11F-8092 (0% moisture)",24.2,1.1,,,
"Beans, Dry, Great Northern, 11F-8093 (0% moisture)",24.4,1.2,,,
"Beans, Dry, Great Northern, 11F-8097 (0% moisture)",23.7,1.06,,,
"Beans, Dry, Great Northern, 11F-8110 (0% moisture)",24.1,1.14,,,
"Beans, Dry, Great Northern, 11F-8113 (0% moisture)",24.6,1.24,,,
"Beans, Dry, Great Northern, 11F-8125 (0% moisture)",25.3,0.93,,,
"Beans, Dry, Great Northern, 11F-8128 (0% moisture)",23.6,1.15,,,
"Beans, Dry, Great Northern, 11F-8134 (0% moisture)",25.0,1.41,,,
"Beans, Dry, Great Northern, 11F-8138 (0% moisture)",24.4,1.1,,,
"Beans, Dry, Great Northern, 11F-8139 (0% moisture)",26.4,1.28,,,
"Beans, Dry, Great Northern, 11F-8141 (0% moisture)",26.6,1.31,,,
"Beans, Dry, Great Northern, 11F-8145 (0% moisture)",26.6,1.09,,,
"Beans, Dry, Great Northern, 11F-8152 (0% moisture)",23.6,1.37,,,
"Beans, Dry, Great Northern, 11F-8155 (0% moisture)",24.5,1.41,,,
"Beans, Dry, Great Northern, 11F-8163 (0% moisture)",24.2,1.41,,,
"Beans, Dry, Great Northern, 11F-8171 (0% moisture)",24.1,1.12,,,
"Beans, Dry, Great Northern, 11F-8172 (0% moisture)",23.6,1.23,,,
"Beans, Dry, Great Northern, 11F-8184 (0% moisture)",23.2,1.29,,,
"Beans, Dry, Great Northern, 11F-8185 (0% moisture)",24.0,1.26,,,
"Beans, Dry, Great Northern, 11F-8192 (0% moisture)",23.7,1.02,,,
"Beans, Dry, Great Northern, 11F-8194 (0% moisture)",23.4,1.14,,,
"Beans, Dry, Great Northern, 235 (0% moisture)",28.6,1.32,,,
"Beans, Dry, Great Northern, 293 (0% moisture)",23.4,1.31,,,
"Beans, Dry, Great Northern, 306 (0% moisture)",26.1,1.43,,,
"Beans, Dry, Great Northern, 315 (0% moisture)",28.3,1.36,,,
"Beans, Dry, Great Northern, 327 (0% moisture)",23.4,1.38,,,
"Beans, Dry, Great Northern, 335 (0% moisture)",23.2,1.38,,,
"Beans, Dry, Great Northern, 337 (0% moisture)",22.4,1.11,,,
"Beans, Dry, Great Northern, 339 (0% moisture)",22.3,1.22,,,
"Beans, Dry, Great Northern, 341 (0% moisture)",23.1,1.39,,,
"Beans, Dry, Great Northern, 346 (0% moisture)",22.7,1.35,,,
"Beans, Dry, Great Northern, 350 (0% moisture)",26.8,1.44,,,
"Beans, Dry, Great Northern, 363 (0% moisture)",23.3,1.18,,,
"Beans, Dry, Great Northern, 364 (0% moisture)",23.3,1.15,,,
"Beans, Dry, Great Northern, 375 (0% moisture)",24.3,1.04,,,
"Beans, Dry, Great Northern, 379 (0% moisture)",23.1,1.23,,,
"Beans, Dry, Great Northern, 380 (0% moisture)",23.7,1.17,,,
"Beans, Dry, Great Northern, 384 (0% moisture)",22.3,1.17,,,
"Beans, Dry, Great Northern, 385 (0% moisture)",23.8,1.19,,,
"Beans, Dry, Great Northern, 387 (0% moisture)",23.5,1.15,,,
"Beans, Dry, Great Northern, 392 (0% moisture)",23.9,1.12,,,
"Beans, Dry, Great Northern, 396 (0% moisture)",21.9,1.47,,,
"Beans, Dry, Great Northern, 401 (0% moisture)",23.8,1.22,,,
"Beans, Dry, Great Northern, 402 (0% moisture)",24.6,1.28,,,
"Beans, Dry, Great Northern, 406 (0% moisture)",25.8,1.32,,,
"Beans, Dry, Great Northern, 407 (0% moisture)",23.5,1.5,,,
"Beans, Dry, Great Northern, 412 (0% moisture)",22.0,1.38,,,
"Beans, Dry, Great Northern, 415 (0% moisture)",25.9,1.3,,,
"Beans, Dry, Great Northern, 418 (0% moisture)",25.9,1.35,,,
"Beans, Dry, Great Northern, 423 (0% moisture)",23.2,1.12,,,
"Beans, Dry, Great Northern, 429 (0% moisture)",24.4,1.03,,,
"Beans, Dry, Great Northern, 434 (0% moisture)",25.4,1.11,,,
"Beans, Dry, Great Northern, 438 (0% moisture)",24.5,1.4,,,
"Beans, Dry, Great Northern, 441 (0% moisture)",25.5,1.37,,,
"Beans, Dry, Great Northern, 444 (0% moisture)",23.8,1.4,,,
"Beans, Dry, Great Northern, 446 (0% moisture)",31.6,1.19,,,
"Beans, Dry, Great Northern, 447 (0% moisture)",25.3,1.22,,,
"Beans, Dry, Great Northern, 449 (0% moisture)",21.5,1.27,,,
"Beans, Dry, Great Northern, 453 (0% moisture)",25.6,1.25,,,
"Beans, Dry, Great Northern, 457 (0% moisture)",24.7,1.3,,,
"Beans, Dry, Great Northern, 458 (0% moisture)",26.3,1.16,,,
"Beans, Dry, Great Northern, 460 (0% moisture)",23.4,1.1,,,
"Beans, Dry, Great Northern, 467 (0% moisture)",22.6,1.06,,,
"Beans, Dry, Great Northern, 474 (0% moisture)",24.8,1.16,,,
"Beans, Dry, Great Northern, 485 (0% moisture)",25.6,1.16,,,
"Beans, Dry, Great Northern, 495 (0% moisture)",26.6,1.29,,,
"Beans, Dry, Great Northern, 501 (0% moisture)",24.8,1.04,,,
"Beans, Dry, Great Northern, 507 (0% moisture)",25.7,1.15,,,
"Beans, Dry, Great Northern, 514 (0% moisture)",23.8,1.11,,,
"Beans, Dry, Great Northern, 518 (0% moisture)",25.4,1.33,,,
"Beans, Dry, Great Northern, 519 (0% moisture)",25.2,1.29,,,
"Beans, Dry, Great Northern, 579 (0% moisture)",30.5,1.21,,,
"Beans, Dry, Great Northern, 581 (0% moisture)",29.4,1.27,,,
"Beans, Dry, Great Northern, 594 (0% moisture)",28.1,1.22,,,
"Beans, Dry, Great Northern, 616 (0% moisture)",25.2,1.22,,,
"Beans, Dry, Great Northern, 637 (0% moisture)",24.2,1.41,,,
"Beans, Dry, Great Northern, 638 (0% moisture)",24.1,1.11,,,
"Beans, Dry, Great Northern, 644 (0% moisture)",21.8,1.27,,,
"Beans, Dry, Great Northern, 648 (0% moisture)",24.9,1.38,,,
"Beans, Dry, Great Northern, 651 (0% moisture)",22.3,1.1,,,
"Beans, Dry, Great Northern, 655 (0% moisture)",23.0,1.25,,,
"Beans, Dry, Great Northern, 656 (0% moisture)",21.8,1.08,,,
"Beans, Dry, Great Northern, 658 (0% moisture)",23.3,1.3,,,
"Beans, Dry, Great Northern, 662 (0% moisture)",24.8,1.1,,,
"Beans, Dry, Great Northern, 666 (0% moisture)",22.4,1.45,,,
"Beans, Dry, Great Northern, 672 (0% moisture)",22.5,1.14,,,
"Beans, Dry, Great Northern, 675 (0% moisture)",24.7,1.42,,,
"Beans, Dry, Great Northern, 680 (0% moisture)",25.2,1.3,,,
"Beans, Dry, Great Northern, 683 (0% moisture)",24.3,1.12,,,
"Beans, Dry, Great Northern, 688 (0% moisture)",25.0,1.33,,,
"Beans, Dry, Great Northern, 689 (0% moisture)",23.2,1.33,,,
"Beans, Dry, Great Northern, 693 (0% moisture)",24.8,1.19,,,
"Beans, Dry, Great Northern, 694 (0% moisture)",26.4,1.32,,,
"Beans, Dry, Great Northern, 697 (0% moisture)",27.0,1.32,,,
"Beans, Dry, Great Northern, 706 (0% moisture)",25.8,1.17,,,
"Beans, Dry, Great Northern, 713 (0% moisture)",23.0,1.32,,,
"Beans, Dry, Great Northern, 716 (0% moisture)",25.6,1.14,,,
"Beans, Dry, Great Northern, 723 (0% moisture)",24.2,1.32,,,
"Beans, Dry, Great Northern, 726 (0% moisture)",28.7,1.24,,,
"Beans, Dry, Great Northern, 730 (0% moisture)",23.1,1.15,,,
"Beans, Dry, Great Northern, 741 (0% moisture)",23.5,1.12,,,
"Beans, Dry, Great Northern, 742 (0% moisture)",24.1,1.26,,,
"Beans, Dry, Great Northern, 748 (0% moisture)",24.7,1.25,,,
"Beans, Dry, Great Northern, 762 (0% moisture)",26.1,1.25,,,
"Beans, Dry, Great Northern, 763 (0% moisture)",25.8,1.27,,,
"Beans, Dry, Great Northern, 766 (0% moisture)",24.3,1.24,,,
"Beans, Dry, Great Northern, 768 (0% moisture)",24.9,1.28,,,
"Beans, Dry, Great Northern, 777 (0% moisture)",25.9,1.2,,,
"Beans, Dry, Great Northern, 778 (0% moisture)",22.0,1.48,,,
"Beans, Dry, Great Northern, 780 (0% moisture)",26.6,1.33,,,
"Beans, Dry, Great Northern, 788 (0% moisture)",22.6,1.26,,,
"Beans, Dry, Great Northern, 789 (0% moisture)",24.0,1.1,,,
"Beans, Dry, Great Northern, 790 (0% moisture)",26.8,1.16,,,
"Beans, Dry, Great Northern, 792 (0% moisture)",23.6,1.24,,,
"Beans, Dry, Great Northern, 800 (0% moisture)",25.1,1.33,,,
"Beans, Dry, Great Northern, 818 (0% moisture)",26.2,1.36,,,
"Beans, Dry, Great Northern, 822 (0% moisture)",26.8,1.24,,,
"Beans, Dry, Great Northern, 824 (0% moisture)",24.5,1.06,,,
"Beans, Dry, Great Northern, 826 (0% moisture)",27.1,1.08,,,
"Beans, Dry, Great Northern, 827 (0% moisture)",28.6,1.16,,,
"Beans, Dry, Great Northern, 828 (0% moisture)",28.8,1.36,,,
"Beans, Dry, Light Red Kidney (0% moisture)",25.0,1.03,,,
"Beans, Dry, Light Red Kidney, 11F-8186 (0% moisture)",25.0,1.03,,,
"Beans, Dry, Light Tan (0% moisture)",24.6,1.28,,,
"Beans, Dry, Light Tan, 11F-8086 (0% moisture)",24.4,1.22,,,
"Beans, Dry, Light Tan, 11F-8174 (0% moisture)",24.7,1.33,,,
"Beans, Dry, Medium Red (0% moisture)",25.5,1.04,,,
"Beans, Dry, Medium Red, 490 (0% moisture)",26.0,1.01,,,
"Beans, Dry, Medium Red, 756 (0% moisture)",24.9,1.07,,,
"Beans, Dry, Navy (0% moisture)",24.1,1.51,,,
"Beans, Dry, Navy, 11F-8004 (0% moisture)",25.8,1.35,,,
"Beans, Dry, Navy, 11F-8007 (0% moisture)",25.0,1.13,,,
"Beans, Dry, Navy, 11F-8027 (0% moisture)",25.6,1.4,,,
"Beans, Dry, Navy, 11F-8028 (0% moisture)",23.5,1.45,,,
"Beans, Dry, Navy, 11F-8030 (0% moisture)",25.6,1.72,,,
"Beans, Dry, Navy, 11F-8043 (0% moisture)",23.5,1.19,,,
"Beans, Dry, Navy, 11F-8098 (0% moisture)",23.5,1.22,,,
"Beans, Dry, Navy, 11F-8107 (0% moisture)",24.4,1.13,,,
"Beans, Dry, Navy, 11F-8143 (0% moisture)",26.3,1.22,,,
"Beans, Dry, Navy, 11F-8162 (0% moisture)",23.0,1.08,,,
"Beans, Dry, Navy, 11F-8165 (0% moisture)",25.5,0.94,,,
"Beans, Dry, Navy, 11F-8179 (0% moisture)",23.2,1.2,,,
"Beans, Dry, Navy, 11F-8183 (0% moisture)",25.0,1.15,,,
"Beans, Dry, Navy, 11F-8195 (0% moisture)",24.5,1.24,,,
"Beans, Dry, Navy, 213 (0% moisture)",24.5,1.43,,,
"Beans, Dry, Navy, 216 (0% moisture)",20.2,1.7,,,
"Beans, Dry, Navy, 220 (0% moisture)",25.3,1.69,,,
"Beans, Dry, Navy, 226 (0% moisture)",22.9,1.8,,,
"Beans, Dry, Navy, 228 (0% moisture)",24.3,1.76,,,
"Beans, Dry, Navy, 229 (0% moisture)",22.5,1.62,,,
"Beans, Dry, Navy, 230 (0% moisture)",23.0,1.87,,,
"Beans, Dry, Navy, 233 (0% moisture)",21.3,1.66,,,
"Beans, Dry, Navy, 234 (0% moisture)",22.4,1.64,,,
"Beans, Dry, Navy, 236 (0% moisture)",22.6,1.77,,,
"Beans, Dry, Navy, 237 (0% moisture)",23.8,1.75,,,
"Beans, Dry, Navy, 241 (0% moisture)",26.6,1.33,,,
"Beans, Dry, Navy, 242 (0% moisture)",23.9,1.5,,,
"Beans, Dry, Navy, 245 (0% moisture)",22.9,1.39,,,
"Beans, Dry, Navy, 246 (0% moisture)",20.8,1.98,,,
"Beans, Dry, Navy, 252 (0% moisture)",22.6,1.48,,,
"Beans, Dry, Navy, 253 (0% moisture)",25.5,1.26,,,
"Beans, Dry, Navy, 255 (0% moisture)",23.9,1.46,,,
"Beans, Dry, Navy, 256 (0% moisture)",23.6,1.37,,,
"Beans, Dry, Navy, 257 (0% moisture)",22.5,1.6,,,
"Beans, Dry, Navy, 260 (0% moisture)",22.3,1.54,,,
"Beans, Dry, Navy, 261 (0% moisture)",22.8,1.59,,,
"Beans, Dry, Navy, 262 (0% moisture)",22.1,1.7,,,
"Beans, Dry, Navy, 264 (0% moisture)",23.0,1.55,,,
"Beans, Dry, Navy, 268 (0% moisture)",23.5,1.45,,,
"Beans, Dry, Navy, 277 (0% moisture)",25.3,1.49,,,
"Beans, Dry, Navy, 279 (0% moisture)",23.1,1.7,,,
"Beans, Dry, Navy, 280 (0% moisture)",22.1,1.51,,,
"Beans, Dry, Navy, 281 (0% moisture)",24.9,1.73,,,
"Beans, Dry, Navy, 283 (0% moisture)",25.1,1.45,,,
"Beans, Dry, Navy, 284 (0% moisture)",24.5,1.74,,,
"Beans, Dry, Navy, 287 (0% moisture)",26.0,1.62,,,
"Beans, Dry, Navy, 289 (0% moisture)",23.4,1.73,,,
"Beans, Dry, Navy, 290 (0% moisture)",25.0,1.37,,,
"Beans, Dry, Navy, 292 (0% moisture)",24.6,1.62,,,
"Beans, Dry, Navy, 294 (0% moisture)",23.4,1.61,,,
"Beans, Dry, Navy, 295 (0% moisture)",24.3,1.49,,,
"Beans, Dry, Navy, 299 (0% moisture)",25.4,1.55,,,
"Beans, Dry, Navy, 307 (0% moisture)",25.3,1.79,,,
"Beans, Dry, Navy, 308 (0% moisture)",24.5,1.44,,,
"Beans, Dry, Navy, 311 (0% moisture)",23.7,1.62,,,
"Beans, Dry, Navy, 312 (0% moisture)",21.9,1.49,,,
"Beans, Dry, Navy, 313 (0% moisture)",25.7,1.68,,,
"Beans, Dry, Navy, 316 (0% moisture)",23.8,1.5,,,
"Beans, Dry, Navy, 319 (0% moisture)",22.4,1.65,,,
"Beans, Dry, Navy, 320 (0% moisture)",25.6,1.59,,,
"Beans, Dry, Navy, 386 (0% moisture)",22.5,1.37,,,
"Beans, Dry, Navy, 422 (0% moisture)",24.3,1.75,,,
"Beans, Dry, Navy, 476 (0% moisture)",25.7,1.53,,,
"Beans, Dry, Navy, 521 (0% moisture)",26.7,1.57,,,
"Beans, Dry, Navy, 523 (0% moisture)",23.9,1.35,,,
"Beans, Dry, Navy, 524 (0% moisture)",23.1,1.42,,,
"Beans, Dry, Navy, 525 (0% moisture)",24.3,1.36,,,
"Beans, Dry, Navy, 530 (0% moisture)",24.1,1.73,,,
"Beans, Dry, Navy, 532 (0% moisture)",23.8,1.75,,,
"Beans, Dry, Navy, 535 (0% moisture)",24.0,1.49,,,
"Beans, Dry, Navy, 539 (0% moisture)",24.4,1.49,,,
"Beans, Dry, Navy, 541 (0% moisture)",21.0,1.7,,,
"Beans, Dry, Navy, 543 (0% moisture)",23.4,1.54,,,
"Beans, Dry, Navy, 546 (0% moisture)",24.6,1.63,,,
"Beans, Dry, Navy, 548 (0% moisture)",24.0,1.43,,,
"Beans, Dry, Navy, 551 (0% moisture)",22.7,1.53,,,
"Beans, Dry, Navy, 554 (0% moisture)",28.9,1.18,,,
"Beans, Dry, Navy, 555 (0% moisture)",24.7,1.42,,,
"Beans, Dry, Navy, 556 (0% moisture)",23.6,1.45,,,
"Beans, Dry, Navy, 557 (0% moisture)",25.0,1.69,,,
"Beans, Dry, Navy, 558 (0% moisture)",24.1,1.71,,,
"Beans, Dry, Navy, 559 (0% moisture)",25.3,1.38,,,
"Beans, Dry, Navy, 560 (0% moisture)",24.5,1.53,,,
"Beans, Dry, Navy, 561 (0% moisture)",24.7,1.6,,,
"Beans, Dry, Navy, 565 (0% moisture)",23.9,1.52,,,
"Beans, Dry, Navy, 567 (0% moisture)",23.2,1.49,,,
"Beans, Dry, Navy, 568 (0% moisture)",24.6,1.46,,,
"Beans, Dry, Navy, 576 (0% moisture)",24.3,1.54,,,
"Beans, Dry, Navy, 578 (0% moisture)",25.2,1.36,,,
"Beans, Dry, Navy, 582 (0% moisture)",24.5,1.43,,,
"Beans, Dry, Navy, 584 (0% moisture)",24.5,1.32,,,
"Beans, Dry, Navy, 585 (0% moisture)",26.2,1.39,,,
"Beans, Dry, Navy, 586 (0% moisture)",25.2,1.51,,,
"Beans, Dry, Navy, 587 (0% moisture)",23.1,1.76,,,
"Beans, Dry, Navy, 588 (0% moisture)",22.9,1.69,,,
"Beans, Dry, Navy, 589 (0% moisture)",22.8,1.65,,,
"Beans, Dry, Navy, 595 (0% moisture)",25.8,1.55,,,
"Beans, Dry, Navy, 598 (0% moisture)",24.4,1.46,,,
"Beans, Dry, Navy, 599 (0% moisture)",25.7,1.63,,,
"Beans, Dry, Navy, 603 (0% moisture)",25.3,1.31,,,
"Beans, Dry, Navy, 605 (0% moisture)",24.6,1.24,,,
"Beans, Dry, Navy, 609 (0% moisture)",22.2,1.59,,,
"Beans, Dry, Navy, 612 (0% moisture)",22.3,1.44,,,
"Beans, Dry, Navy, 613 (0% moisture)",25.5,1.47,,,
"Beans, Dry, Navy, 614 (0% moisture)",25.1,1.68,,,
"Beans, Dry, Navy, 623 (0% moisture)",25.5,1.7,,,
"Beans, Dry, Navy, 626 (0% moisture)",24.4,1.5,,,
"Beans, Dry, Navy, 627 (0% moisture)",24.3,1.48,,,
"Beans, Dry, Navy, 628 (0% moisture)",26.9,1.26,,,
"Beans, Dry, Navy, 719 (0% moisture)",21.3,1.33,,,
"Beans, Dry, Navy, 721 (0% moisture)",24.5,1.72,,,
"Beans, Dry, Navy, 771 (0% moisture)",24.2,1.51,,,
"Beans, Dry, Pink (0% moisture)",23.4,1.2,,,
"Beans, Dry, Pink, 11F-8018 (0% moisture)",24.8,1.42,,,
"Beans, Dry, Pink, 11F-8019 (0% moisture)",24.2,0.99,,,
"Beans, Dry, Pink, 11F-8034 (0% moisture)",24.3,1.2,,,
"Beans, Dry, Pink, 11F-8041 (0% moisture)",23.8,1.23,,,
"Beans, Dry, Pink, 11F-8058 (0% moisture)",24.2,1.38,,,
"Beans, Dry, Pink, 11F-8059 (0% moisture)",23.2,1.09,,,
"Beans, Dry, Pink, 11F-8082 (0% moisture)",23.2,1.48,,,
"Beans, Dry, Pink, 11F-8084 (0% moisture)",25.3,1.35,,,
"Beans, Dry, Pink, 11F-8105 (0% moisture)",23.9,1.23,,,
"Beans, Dry, Pink, 11F-8124 (0% moisture)",23.6,1.36,,,
"Beans, Dry, Pink, 11F-8136 (0% moisture)",23.8,1.45,,,
"Beans, Dry, Pink, 11F-8149 (0% moisture)",25.0,1.07,,,
"Beans, Dry, Pink, 11F-8156 (0% moisture)",25.2,1.13,,,
"Beans, Dry, Pink, 11F-8187 (0% moisture)",23.9,1.24,,,
"Beans, Dry, Pink, 11F-8188 (0% moisture)",25.1,0.89,,,
"Beans, Dry, Pink, 11F-8190 (0% moisture)",24.9,1.23,,,
"Beans, Dry, Pink, 11F-8193 (0% moisture)",24.5,1.14,,,
"Beans, Dry, Pink, 11F-8197 (0% moisture)",24.4,1.15,,,
"Beans, Dry, Pink, 321 (0% moisture)",21.2,1.12,,,
"Beans, Dry, Pink, 338 (0% moisture)",20.6,1.22,,,
"Beans, Dry, Pink, 342 (0% moisture)",26.0,1.35,,,
"Beans, Dry, Pink, 354 (0% moisture)",23.1,0.98,,,
"Beans, Dry, Pink, 359 (0% moisture)",21.6,1.11,,,
"Beans, Dry, Pink, 399 (0% moisture)",20.6,1.7,,,
"Beans, Dry, Pink, 404 (0% moisture)",22.9,1.29,,,
"Beans, Dry, Pink, 411 (0% moisture)",21.0,1.65,,,
"Beans, Dry, Pink, 430 (0% moisture)",24.5,0.94,,,
"Beans, Dry, Pink, 433 (0% moisture)",20.7,1.6,,,
"Beans, Dry, Pink, 445 (0% moisture)",21.8,0.98,,,
"Beans, Dry, Pink, 448 (0% moisture)",23.0,0.9,,,
"Beans, Dry, Pink, 461 (0% moisture)",22.6,1.17,,,
"Beans, Dry, Pink, 477 (0% moisture)",23.6,1.09,,,
"Beans, Dry, Pink, 478 (0% moisture)",24.5,0.96,,,
"Beans, Dry, Pink, 481 (0% moisture)",25.7,1.18,,,
"Beans, Dry, Pink, 483 (0% moisture)",25.0,1.06,,,
"Beans, Dry, Pink, 486 (0% moisture)",26.5,1.23,,,
"Beans, Dry, Pink, 502 (0% moisture)",24.3,1.39,,,
"Beans, Dry, Pink, 504 (0% moisture)",23.8,1.06,,,
"Beans, Dry, Pink, 629 (0% moisture)",23.2,1.06,,,
"Beans, Dry, Pink, 636 (0% moisture)",21.0,1.31,,,
"Beans, Dry, Pink, 641 (0% moisture)",22.0,1.13,,,
"Beans, Dry, Pink, 652 (0% moisture)",20.8,0.83,,,
"Beans, Dry, Pink, 664 (0% moisture)",21.8,0.95,,,
"Beans, Dry, Pink, 687 (0% moisture)",21.1,1.07,,,
"Beans, Dry, Pink, 699 (0% moisture)",24.3,1.0,,,
"Beans, Dry, Pink, 701 (0% moisture)",23.4,1.17,,,
"Beans, Dry, Pink, 712 (0% moisture)",21.0,1.2,,,
"Beans, Dry, Pink, 725 (0% moisture)",21.8,1.54,,,
"Beans, Dry, Pink, 732 (0% moisture)",23.1,1.39,,,
"Beans, Dry, Pink, 739 (0% moisture)",22.4,1.0,,,
"Beans, Dry, Pink, 752 (0% moisture)",23.0,1.11,,,
"Beans, Dry, Pink, 779 (0% moisture)",22.1,1.64,,,
"Beans, Dry, Pink, 794 (0% moisture)",23.5,1.17,,,
"Beans, Dry, Pink, 796 (0% moisture)",21.6,0.98,,,
"Beans, Dry, Pink, 803 (0% moisture)",24.3,0.94,,,
"Beans, Dry, Pink, 817 (0% moisture)",25.4,1.23,,,
"Beans, Dry, Pink, 819 (0% moisture)",26.0,1.37,,,
"Beans, Dry, Pinto (0% moisture)",23.7,1.24,,,
"Beans, Dry, Pinto, 11F-8006 (0% moisture)",23.8,1.23,,,
"Beans, Dry, Pinto, 11F-8012 (0% moisture)",27.1,1.18,,,
"Beans, Dry, Pinto, 11F-8024 (0% moisture)",24.3,1.42,,,
"Beans, Dry, Pinto, 11F-8026 (0% moisture)",24.9,1.14,,,
"Beans, Dry, Pinto, 11F-8031 (0% moisture)",22.2,1.49,,,
"Beans, Dry, Pinto, 11F-8032 (0% moisture)",22.0,1.12,,,
"Beans, Dry, Pinto, 11F-8035 (0% moisture)",22.3,1.07,,,
"Beans, Dry, Pinto, 11F-8037 (0% moisture)",20.6,1.49,,,
"Beans, Dry, Pinto, 11F-8038 (0% moisture)",24.5,1.4,,,
"Beans, Dry, Pinto, 11F-8047 (0% moisture)",27.3,1.3,,,
"Beans, Dry, Pinto, 11F-8048 (0% moisture)",25.6,1.16,,,
"Beans, Dry, Pinto, 11F-8049 (0% moisture)",24.7,1.19,,,
"Beans, Dry, Pinto, 11F-8054 (0% moisture)",24.2,1.25,,,
"Beans, Dry, Pinto, 11F-8055 (0% moisture)",22.1,1.25,,,
"Beans, Dry, Pinto, 11F-8065 (0% moisture)",22.3,0.97,,,
"Beans, Dry, Pinto, 11F-8069 (0% moisture)",24.3,1.25,,,
"Beans, Dry, Pinto, 11F-8070 (0% moisture)",25.4,1.24,,,
"Beans, Dry, Pinto, 11F-8072 (0% moisture)",23.4,1.19,,,
"Beans, Dry, Pinto, 11F-8075 (0% moisture)",22.7,1.14,,,
"Beans, Dry, Pinto, 11F-8076 (0% moisture)",24.7,1.11,,,
"Beans, Dry, Pinto, 11F-8078 (0% moisture)",22.4,1.29,,,
"Beans, Dry, Pinto, 11F-8079 (0% moisture)",22.4,0.96,,,
"Beans, Dry, Pinto, 11F-8081 (0% moisture)",24.0,1.33,,,
"Beans, Dry, Pinto, 11F-8083 (0% moisture)",23.7,1.32,,,
"Beans, Dry, Pinto, 11F-8088 (0% moisture)",24.3,1.09,,,
"Beans, Dry, Pinto, 11F-8089 (0% moisture)",25.2,1.2,,,
"Beans, Dry, Pinto, 11F-8091 (0% moisture)",26.3,1.34,,,
"Beans, Dry, Pinto, 11F-8094 (0% moisture)",23.8,1.03,,,
"Beans, Dry, Pinto, 11F-8095 (0% moisture)",24.3,1.09,,,
"Beans, Dry, Pinto, 11F-8096 (0% moisture)",24.4,1.47,,,
"Beans, Dry, Pinto, 11F-8099 (0% moisture)",27.3,1.33,,,
"Beans, Dry, Pinto, 11F-8100 (0% moisture)",21.8,1.34,,,
"Beans, Dry, Pinto, 11F-8101 (0% moisture)",24.6,1.0,,,
"Beans, Dry, Pinto, 11F-8102 (0% moisture)",22.6,1.26,,,
"Beans, Dry, Pinto, 11F-8103 (0% moisture)",25.2,1.2,,,
"Beans, Dry, Pinto, 11F-8106 (0% moisture)",24.0,0.98,,,
"Beans, Dry, Pinto, 11F-8108 (0% moisture)",27.5,1.33,,,
"Beans, Dry, Pinto, 11F-8109 (0% moisture)",23.2,1.13,,,
"Beans, Dry, Pinto, 11F-8114 (0% moisture)",29.2,1.58,,,
"Beans, Dry, Pinto, 11F-8118 (0% moisture)",24.0,1.36,,,
"Beans, Dry, Pinto, 11F-8120 (0% moisture)",23.4,1.63,,,
"Beans, Dry, Pinto, 11F-8121 (0% moisture)",24.4,1.11,,,
"Beans, Dry, Pinto, 11F-8126 (0% moisture)",24.2,1.05,,,
"Beans, Dry, Pinto, 11F-8133 (0% moisture)",24.5,1.18,,,
"Beans, Dry, Pinto, 11F-8144 (0% moisture)",25.6,1.35,,,
"Beans, Dry, Pinto, 11F-8147 (0% moisture)",26.6,1.18,,,
"Beans, Dry, Pinto, 11F-8151 (0% moisture)",25.3,1.25,,,
"Beans, Dry, Pinto, 11F-8157 (0% moisture)",23.7,0.97,,,
"Beans, Dry, Pinto, 11F-8159 (0% moisture)",23.9,1.36,,,
"Beans, Dry, Pinto, 11F-8164 (0% moisture)",23.5,1.35,,,
"Beans, Dry, Pinto, 11F-8166 (0% moisture)",22.9,1.33,,,
"Beans, Dry, Pinto, 11F-8167 (0% moisture)",24.2,1.21,,,
"Beans, Dry, Pinto, 11F-8170 (0% moisture)",27.0,1.36,,,
"Beans, Dry, Pinto, 11F-8173 (0% moisture)",24.8,1.25,,,
"Beans, Dry, Pinto, 11F-8176 (0% moisture)",25.4,1.13,,,
"Beans, Dry, Pinto, 11F-8178 (0% moisture)",25.3,1.18,,,
"Beans, Dry, Pinto, 11F-8181 (0% moisture)",25.4,1.37,,,
"Beans, Dry, Pinto, 11F-8182 (0% moisture)",21.7,1.19,,,
"Beans, Dry, Pinto, 11F-8189 (0% moisture)",21.8,0.94,,,
"Beans, Dry, Pinto, 11F-8191 (0% moisture)",24.5,1.13,,,
"Beans, Dry, Pinto, 11F-8196 (0% moisture)",24.7,1.53,,,
"Beans, Dry, Pinto, 11F-8198 (0% moisture)",24.9,1.06,,,
"Beans, Dry, Pinto, 218 (0% moisture)",21.2,1.46,,,
"Beans, Dry, Pinto, 224 (0% moisture)",22.3,1.45,,,
"Beans, Dry, Pinto, 270 (0% moisture)",25.1,1.13,,,
"Beans, Dry, Pinto, 322 (0% moisture)",20.9,1.23,,,
"Beans, Dry, Pinto, 324 (0% moisture)",19.1,1.26,,,
"Beans, Dry, Pinto, 325 (0% moisture)",20.8,1.15,,,
"Beans, Dry, Pinto, 326 (0% moisture)",20.3,1.38,,,
"Beans, Dry, Pinto, 328 (0% moisture)",22.9,1.09,,,
"Beans, Dry, Pinto, 329 (0% moisture)",22.1,1.55,,,
"Beans, Dry, Pinto, 333 (0% moisture)",22.3,1.2,,,
"Beans, Dry, Pinto, 334 (0% moisture)",20.5,1.41,,,
"Beans, Dry, Pinto, 336 (0% moisture)",26.4,1.34,,,
"Beans, Dry, Pinto, 340 (0% moisture)",25.2,1.25,,,
"Beans, Dry, Pinto, 343 (0% moisture)",25.0,1.06,,,
"Beans, Dry, Pinto, 349 (0% moisture)",23.8,1.34,,,
"Beans, Dry, Pinto, 352 (0% moisture)",24.5,1.33,,,
"Beans, Dry, Pinto, 353 (0% moisture)",22.0,1.45,,,
"Beans, Dry, Pinto, 355 (0% moisture)",19.9,1.18,,,
"Beans, Dry, Pinto, 356 (0% moisture)",24.5,1.43,,,
"Beans, Dry, Pinto, 358 (0% moisture)",20.0,1.25,,,
"Beans, Dry, Pinto, 360 (0% moisture)",22.2,1.2,,,
"Beans, Dry, Pinto, 361 (0% moisture)",22.5,1.74,,,
"Beans, Dry, Pinto, 362 (0% moisture)",22.8,1.23,,,
"Beans, Dry, Pinto, 365 (0% moisture)",22.1,1.22,,,
"Beans, Dry, Pinto, 366 (0% moisture)",23.7,1.52,,,
"Beans, Dry, Pinto, 367 (0% moisture)",23.3,1.3,,,
"Beans, Dry, Pinto, 368 (0% moisture)",23.1,1.21,,,
"Beans, Dry, Pinto, 371 (0% moisture)",25.9,1.29,,,
"Beans, Dry, Pinto, 372 (0% moisture)",22.0,1.46,,,
"Beans, Dry, Pinto, 373 (0% moisture)",25.9,1.43,,,
"Beans, Dry, Pinto, 377 (0% moisture)",22.0,1.31,,,
"Beans, Dry, Pinto, 381 (0% moisture)",21.9,1.24,,,
"Beans, Dry, Pinto, 382 (0% moisture)",22.0,1.11,,,
"Beans, Dry, Pinto, 383 (0% moisture)",22.6,1.14,,,
"Beans, Dry, Pinto, 388 (0% moisture)",24.1,1.2,,,
"Beans, Dry, Pinto, 389 (0% moisture)",21.3,1.17,,,
"Beans, Dry, Pinto, 390 (0% moisture)",22.3,1.17,,,
"Beans, Dry, Pinto, 391 (0% moisture)",25.1,1.36,,,
"Beans, Dry, Pinto, 393 (0% moisture)",23.2,1.13,,,
"Beans, Dry, Pinto, 394 (0% moisture)",25.5,1.44,,,
"Beans, Dry, Pinto, 397 (0% moisture)",23.8,1.29,,,
"Beans, Dry, Pinto, 398 (0% moisture)",27.7,1.21,,,
"Beans, Dry, Pinto, 408 (0% moisture)",24.9,1.4,,,
"Beans, Dry, Pinto, 410 (0% moisture)",24.4,1.31,,,
"Beans, Dry, Pinto, 413 (0% moisture)",23.1,1.35,,,
"Beans, Dry, Pinto, 414 (0% moisture)",25.0,1.4,,,
"Beans, Dry, Pinto, 416 (0% moisture)",26.1,1.2,,,
"Beans, Dry, Pinto, 420 (0% moisture)",23.1,1.15,,,
"Beans, Dry, Pinto, 421 (0% moisture)",23.2,1.16,,,
"Beans, Dry, Pinto, 425 (0% moisture)",26.3,1.19,,,
"Beans, Dry, Pinto, 426 (0% moisture)",24.8,1.13,,,
"Beans, Dry, Pinto, 427 (0% moisture)",21.9,1.24,,,
"Beans, Dry, Pinto, 428 (0% moisture)",20.8,1.25,,,
"Beans, Dry, Pinto, 432 (0% moisture)",27.5,1.03,,,
"Beans, Dry, Pinto, 435 (0% moisture)",23.2,1.04,,,
"Beans, Dry, Pinto, 436 (0% moisture)",22.0,1.09,,,
"Beans, Dry, Pinto, 437 (0% moisture)",24.6,1.44,,,
"Beans, Dry, Pinto, 440 (0% moisture)",21.1,1.53,,,
"Beans, Dry, Pinto, 442 (0% moisture)",25.0,1.17,,,
"Beans, Dry, Pinto, 450 (0% moisture)",22.4,0.95,,,
"Beans, Dry, Pinto, 451 (0% moisture)",24.0,1.12,,,
"Beans, Dry, Pinto, 452 (0% moisture)",23.0,0.99,,,
"Beans, Dry, Pinto, 454 (0% moisture)",22.7,1.29,,,
"Beans, Dry, Pinto, 455 (0% moisture)",24.5,1.18,,,
"Beans, Dry, Pinto, 456 (0% moisture)",23.7,1.26,,,
"Beans, Dry, Pinto, 459 (0% moisture)",20.6,1.28,,,
"Beans, Dry, Pinto, 462 (0% moisture)",26.0,1.18,,,
"Beans, Dry, Pinto, 463 (0% moisture)",25.5,1.31,,,
"Beans, Dry, Pinto, 464 (0% moisture)",22.0,1.33,,,
"Beans, Dry, Pinto, 465 (0% moisture)",29.4,1.27,,,
"Beans, Dry, Pinto, 466 (0% moisture)",25.7,1.04,,,
"Beans, Dry, Pinto, 468 (0% moisture)",30.8,1.24,,,
"Beans, Dry, Pinto, 469 (0% moisture)",22.9,1.01,,,
"Beans, Dry, Pinto, 475 (0% moisture)",26.6,1.13,,,
"Beans, Dry, Pinto, 479 (0% moisture)",23.3,1.36,,,
"Beans, Dry, Pinto, 480 (0% moisture)",25.4,1.18,,,
"Beans, Dry, Pinto, 482 (0% moisture)",20.3,1.23,,,
"Beans, Dry, Pinto, 484 (0% moisture)",24.0,0.98,,,
"Beans, Dry, Pinto, 489 (0% moisture)",20.2,1.4,,,
"Beans, Dry, Pinto, 492 (0% moisture)",24.5,1.4,,,
"Beans, Dry, Pinto, 494 (0% moisture)",25.1,1.02,,,
"Beans, Dry, Pinto, 496 (0% moisture)",23.9,0.88,,,
"Beans, Dry, Pinto, 497 (0% moisture)",25.4,1.29,,,
"Beans, Dry, Pinto, 498 (0% moisture)",24.5,1.2,,,
"Beans, Dry, Pinto, 499 (0% moisture)",23.6,1.48,,,
"Beans, Dry, Pinto, 503 (0% moisture)",23.8,1.18,,,
"Beans, Dry, Pinto, 506 (0% moisture)",27.8,1.33,,,
"Beans, Dry, Pinto, 510 (0% moisture)",25.6,1.19,,,
"Beans, Dry, Pinto, 511 (0% moisture)",25.1,1.02,,,
"Beans, Dry, Pinto, 512 (0% moisture)",25.7,1.37,,,
"Beans, Dry, Pinto, 513 (0% moisture)",23.9,0.96,,,
"Beans, Dry, Pinto, 515 (0% moisture)",26.1,1.03,,,
"Beans, Dry, Pinto, 516 (0% moisture)",26.3,1.09,,,
"Beans, Dry, Pinto, 517 (0% moisture)",25.4,1.35,,,
"Beans, Dry, Pinto, 520 (0% moisture)",23.2,1.34,,,
"Beans, Dry, Pinto, 563 (0% moisture)",23.7,1.21,,,
"Beans, Dry, Pinto, 591 (0% moisture)",26.4,1.15,,,
"Beans, Dry, Pinto, 621 (0% moisture)",25.2,1.35,,,
"Beans, Dry, Pinto, 630 (0% moisture)",21.5,1.16,,,
"Beans, Dry, Pinto, 631 (0% moisture)",21.4,1.13,,,
"Beans, Dry, Pinto, 632 (0% moisture)",18.8,1.22,,,
"Beans, Dry, Pinto, 633 (0% moisture)",25.0,1.13,,,
"Beans, Dry, Pinto, 634 (0% moisture)",20.3,1.4,,,
"Beans, Dry, Pinto, 639 (0% moisture)",21.5,1.31,,,
"Beans, Dry, Pinto, 640 (0% moisture)",23.0,1.12,,,
"Beans, Dry, Pinto, 642 (0% moisture)",21.9,1.41,,,
"Beans, Dry, Pinto, 643 (0% moisture)",22.6,1.16,,,
"Beans, Dry, Pinto, 647 (0% moisture)",21.5,1.16,,,
"Beans, Dry, Pinto, 650 (0% moisture)",22.6,1.55,,,
"Beans, Dry, Pinto, 653 (0% moisture)",20.6,0.83,,,
"Beans, Dry, Pinto, 657 (0% moisture)",24.7,1.33,,,
"Beans, Dry, Pinto, 659 (0% moisture)",22.1,1.24,,,
"Beans, Dry, Pinto, 660 (0% moisture)",20.7,1.07,,,
"Beans, Dry, Pinto, 661 (0% moisture)",20.9,1.14,,,
"Beans, Dry, Pinto, 663 (0% moisture)",22.0,1.28,,,
"Beans, Dry, Pinto, 665 (0% moisture)",21.6,1.18,,,
"Beans, Dry, Pinto, 667 (0% moisture)",19.6,1.28,,,
"Beans, Dry, Pinto, 668 (0% moisture)",19.6,1.27,,,
"Beans, Dry, Pinto, 669 (0% moisture)",26.4,1.17,,,
"Beans, Dry, Pinto, 671 (0% moisture)",21.0,1.33,,,
"Beans, Dry, Pinto, 676 (0% moisture)",22.2,1.08,,,
"Beans, Dry, Pinto, 677 (0% moisture)",25.1,1.19,,,
"Beans, Dry, Pinto, 678 (0% moisture)",22.0,1.11,,,
"Beans, Dry, Pinto, 681 (0% moisture)",21.3,1.15,,,
"Beans, Dry, Pinto, 682 (0% moisture)",22.2,1.47,,,
"Beans, Dry, Pinto, 684 (0% moisture)",21.7,1.32,,,
"Beans, Dry, Pinto, 686 (0% moisture)",22.3,1.31,,,
"Beans, Dry, Pinto, 691 (0% moisture)",23.7,1.31,,,
"Beans, Dry, Pinto, 692 (0% moisture)",20.7,1.55,,,
"Beans, Dry, Pinto, 695 (0% moisture)",21.1,1.35,,,
"Beans, Dry, Pinto, 696 (0% moisture)",21.6,1.3,,,
"Beans, Dry, Pinto, 700 (0% moisture)",23.4,1.28,,,
"Beans, Dry, Pinto, 702 (0% moisture)",26.1,1.4,,,
"Beans, Dry, Pinto, 704 (0% moisture)",26.8,1.06,,,
"Beans, Dry, Pinto, 705 (0% moisture)",23.8,1.14,,,
"Beans, Dry, Pinto, 708 (0% moisture)",25.5,1.26,,,
"Beans, Dry, Pinto, 709 (0% moisture)",22.0,1.43,,,
"Beans, Dry, Pinto, 710 (0% moisture)",24.7,1.41,,,
"Beans, Dry, Pinto, 711 (0% moisture)",24.9,1.4,,,
"Beans, Dry, Pinto, 714 (0% moisture)",25.1,1.34,,,
"Beans, Dry, Pinto, 715 (0% moisture)",21.0,1.42,,,
"Beans, Dry, Pinto, 717 (0% moisture)",23.9,1.27,,,
"Beans, Dry, Pinto, 718 (0% moisture)",23.9,1.22,,,
"Beans, Dry, Pinto, 720 (0% moisture)",21.6,1.2,,,
"Beans, Dry, Pinto, 724 (0% moisture)",25.6,1.35,,,
"Beans, Dry, Pinto, 727 (0% moisture)",21.6,0.95,,,
"Beans, Dry, Pinto, 728 (0% moisture)",22.4,1.11,,,
"Beans, Dry, Pinto, 729 (0% moisture)",23.5,1.02,,,
"Beans, Dry, Pinto, 733 (0% moisture)",19.8,1.23,,,
"Beans, Dry, Pinto, 734 (0% moisture)",23.7,1.38,,,
"Beans, Dry, Pinto, 735 (0% moisture)",26.7,1.48,,,
"Beans, Dry, Pinto, 736 (0% moisture)",23.2,1.04,,,
"Beans, Dry, Pinto, 738 (0% moisture)",21.6,1.29,,,
"Beans, Dry, Pinto, 740 (0% moisture)",24.5,1.11,,,
"Beans, Dry, Pinto, 743 (0% moisture)",21.8,1.18,,,
"Beans, Dry, Pinto, 744 (0% moisture)",24.2,1.28,,,
"Beans, Dry, Pinto, 747 (0% moisture)",22.9,1.63,,,
"Beans, Dry, Pinto, 749 (0% moisture)",24.9,1.25,,,
"Beans, Dry, Pinto, 751 (0% moisture)",23.3,1.1,,,
"Beans, Dry, Pinto, 754 (0% moisture)",22.7,1.37,,,
"Beans, Dry, Pinto, 758 (0% moisture)",24.4,0.97,,,
"Beans, Dry, Pinto, 761 (0% moisture)",27.6,1.13,,,
"Beans, Dry, Pinto, 764 (0% moisture)",25.0,1.06,,,
"Beans, Dry, Pinto, 765 (0% moisture)",25.4,1.32,,,
"Beans, Dry, Pinto, 770 (0% moisture)",22.3,1.32,,,
"Beans, Dry, Pinto, 773 (0% moisture)",27.9,1.22,,,
"Beans, Dry, Pinto, 775 (0% moisture)",20.7,1.32,,,
"Beans, Dry, Pinto, 776 (0% moisture)",21.8,1.34,,,
"Beans, Dry, Pinto, 781 (0% moisture)",23.4,1.2,,,
"Beans, Dry, Pinto, 782 (0% moisture)",23.8,1.3,,,
"Beans, Dry, Pinto, 783 (0% moisture)",23.2,1.29,,,
"Beans, Dry, Pinto, 784 (0% moisture)",24.6,1.12,,,
"Beans, Dry, Pinto, 787 (0% moisture)",29.4,1.0,,,
"Beans, Dry, Pinto, 791 (0% moisture)",22.9,1.32,,,
"Beans, Dry, Pinto, 793 (0% moisture)",28.5,1.17,,,
"Beans, Dry, Pinto, 795 (0% moisture)",23.3,1.21,,,
"Beans, Dry, Pinto, 801 (0% moisture)",24.1,0.95,,,
"Beans, Dry, Pinto, 802 (0% moisture)",24.8,1.29,,,
"Beans, Dry, Pinto, 805 (0% moisture)",23.1,1.2,,,
"Beans, Dry, Pinto, 807 (0% moisture)",25.1,1.15,,,
"Beans, Dry, Pinto, 808 (0% moisture)",25.7,1.28,,,
"Beans, Dry, Pinto, 809 (0% moisture)",25.3,0.98,,,
"Beans, Dry, Pinto, 810 (0% moisture)",23.7,1.23,,,
"Beans, Dry, Pinto, 812 (0% moisture)",22.4,1.39,,,
"Beans, Dry, Pinto, 814 (0% moisture)",26.6,1.16,,,
"Beans, Dry, Pinto, 815 (0% moisture)",22.8,1.13,,,
"Beans, Dry, Pinto, 816 (0% moisture)",24.8,1.26,,,
"Beans, Dry, Pinto, 820 (0% moisture)",24.7,0.9,,,
"Beans, Dry, Pinto, 821 (0% moisture)",26.9,1.44,,,
"Beans, Dry, Pinto, 825 (0% moisture)",24.0,1.03,,,
"Beans, Dry, Red (0% moisture)",21.3,1.16,,,
"Beans, Dry, Red, 345 (0% moisture)",21.3,1.19,,,
"Beans, Dry, Red, 645 (0% moisture)",21.2,1.13,,,
"Beans, Dry, Small Red (0% moisture)",23.5,1.28,,,
"Beans, Dry, Small Red, 11F-8009 (0% moisture)",24.2,1.26,,,
"Beans, Dry, Small Red, 11F-8011 (0% moisture)",23.5,1.08,,,
"Beans, Dry, Small Red, 11F-8014 (0% moisture)",23.2,1.46,,,
"Beans, Dry, Small Red, 11F-8017 (0% moisture)",24.6,1.6,,,
"Beans, Dry, Small Red, 11F-8021 (0% moisture)",23.1,1.35,,,
"Beans, Dry, Small Red, 11F-8033 (0% moisture)",24.2,1.13,,,
"Beans, Dry, Small Red, 11F-8050 (0% moisture)",25.6,1.0,,,
"Beans, Dry, Small Red, 11F-8056 (0% moisture)",23.6,1.34,,,
"Beans, Dry, Small Red, 11F-8073 (0% moisture)",22.4,1.33,,,
"Beans, Dry, Small Red, 11F-8111 (0% moisture)",22.4,1.01,,,
"Beans, Dry, Small Red, 11F-8115 (0% moisture)",24.3,1.13,,,
"Beans, Dry, Small Red, 11F-8137 (0% moisture)",23.7,1.11,,,
"Beans, Dry, Small Red, 11F-8142 (0% moisture)",24.5,1.0,,,
"Beans, Dry, Small Red, 11F-8153 (0% moisture)",23.8,1.3,,,
"Beans, Dry, Small Red, 11F-8154 (0% moisture)",23.9,1.19,,,
"Beans, Dry, Small Red, 11F-8161 (0% moisture)",25.7,1.28,,,
"Beans, Dry, Small Red, 11F-8169 (0% moisture)",25.5,1.34,,,
"Beans, Dry, Small Red, 11F-8199 (0% moisture)",24.9,1.04,,,
"Beans, Dry, Small Red, 240 (0% moisture)",20.2,1.6,,,
"Beans, Dry, Small Red, 323 (0% moisture)",22.6,1.46,,,
"Beans, Dry, Small Red, 330 (0% moisture)",20.7,1.58,,,
"Beans, Dry, Small Red, 332 (0% moisture)",21.6,1.05,,,
"Beans, Dry, Small Red, 344 (0% moisture)",24.9,1.41,,,
"Beans, Dry, Small Red, 347 (0% moisture)",21.5,1.21,,,
"Beans, Dry, Small Red, 357 (0% moisture)",25.2,1.44,,,
"Beans, Dry, Small Red, 369 (0% moisture)",24.1,1.62,,,
"Beans, Dry, Small Red, 370 (0% moisture)",22.7,1.22,,,
"Beans, Dry, Small Red, 374 (0% moisture)",22.0,1.18,,,
"Beans, Dry, Small Red, 376 (0% moisture)",23.2,1.61,,,
"Beans, Dry, Small Red, 400 (0% moisture)",22.2,1.16,,,
"Beans, Dry, Small Red, 403 (0% moisture)",22.4,1.33,,,
"Beans, Dry, Small Red, 405 (0% moisture)",21.6,1.17,,,
"Beans, Dry, Small Red, 409 (0% moisture)",24.2,1.45,,,
"Beans, Dry, Small Red, 417 (0% moisture)",27.4,1.24,,,
"Beans, Dry, Small Red, 419 (0% moisture)",28.4,1.19,,,
"Beans, Dry, Small Red, 431 (0% moisture)",22.7,1.67,,,
"Beans, Dry, Small Red, 439 (0% moisture)",20.5,1.28,,,
"Beans, Dry, Small Red, 470 (0% moisture)",23.5,1.38,,,
"Beans, Dry, Small Red, 471 (0% moisture)",20.8,1.26,,,
"Beans, Dry, Small Red, 473 (0% moisture)",23.7,0.98,,,
"Beans, Dry, Small Red, 487 (0% moisture)",22.9,1.25,,,
"Beans, Dry, Small Red, 488 (0% moisture)",26.4,1.03,,,
"Beans, Dry, Small Red, 491 (0% moisture)",22.8,1.57,,,
"Beans, Dry, Small Red, 493 (0% moisture)",20.7,1.29,,,
"Beans, Dry, Small Red, 500 (0% moisture)",25.2,1.32,,,
"Beans, Dry, Small Red, 505 (0% moisture)",24.6,1.51,,,
"Beans, Dry, Small Red, 508 (0% moisture)",23.3,1.08,,,
"Beans, Dry, Small Red, 509 (0% moisture)",22.8,1.32,,,
"Beans, Dry, Small Red, 606 (0% moisture)",23.0,1.5,,,
"Beans, Dry, Small Red, 635 (0% moisture)",21.0,1.02,,,
"Beans, Dry, Small Red, 646 (0% moisture)",22.0,1.27,,,
"Beans, Dry, Small Red, 649 (0% moisture)",21.5,1.11,,,
"Beans, Dry, Small Red, 670 (0% moisture)",23.0,1.16,,,
"Beans, Dry, Small Red, 673 (0% moisture)",23.0,1.47,,,
"Beans, Dry, Small Red, 674 (0% moisture)",27.9,1.1,,,
"Beans, Dry, Small Red, 685 (0% moisture)",22.9,1.39,,,
"Beans, Dry, Small Red, 690 (0% moisture)",24.8,1.12,,,
"Beans, Dry, Small Red, 698 (0% moisture)",23.5,1.39,,,
"Beans, Dry, Small Red, 703 (0% moisture)",23.9,1.4,,,
"Beans, Dry, Small Red, 722 (0% moisture)",24.5,1.15,,,
"Beans, Dry, Small Red, 731 (0% moisture)",22.3,1.63,,,
"Beans, Dry, Small Red, 746 (0% moisture)",22.3,1.26,,,
"Beans, Dry, Small Red, 755 (0% moisture)",22.0,1.18,,,
"Beans, Dry, Small Red, 757 (0% moisture)",22.3,1.23,,,
"Beans, Dry, Small Red, 759 (0% moisture)",24.0,1.13,,,
"Beans, Dry, Small Red, 760 (0% moisture)",25.8,1.35,,,
"Beans, Dry, Small Red, 769 (0% moisture)",24.8,1.22,,,
"Beans, Dry, Small Red, 772 (0% moisture)",21.9,1.27,,,
"Beans, Dry, Small Red, 774 (0% moisture)",24.6,1.06,,,
"Beans, Dry, Small Red, 785 (0% moisture)",25.0,1.62,,,
"Beans, Dry, Small Red, 786 (0% moisture)",22.3,1.2,,,
"Beans, Dry, Small Red, 797 (0% moisture)",20.8,1.62,,,
"Beans, Dry, Small Red, 798 (0% moisture)",25.4,1.37,,,
"Beans, Dry, Small Red, 799 (0% moisture)",28.2,1.13,,,
"Beans, Dry, Small Red, 804 (0% moisture)",23.3,1.05,,,
"Beans, Dry, Small Red, 806 (0% moisture)",25.6,1.29,,,
"Beans, Dry, Small Red, 811 (0% moisture)",23.5,1.19,,,
"Beans, Dry, Small Red, 813 (0% moisture)",23.2,1.53,,,
"Beans, Dry, Small White (0% moisture)",24.5,1.32,,,
"Beans, Dry, Small White, 11F-8057 (0% moisture)",25.9,1.16,,,
"Beans, Dry, Small White, 11F-8160 (0% moisture)",26.2,1.06,,,
"Beans, Dry, Small White, 239 (0% moisture)",24.0,1.43,,,
"Beans, Dry, Small White, 265 (0% moisture)",21.7,1.32,,,
"Beans, Dry, Small White, 272 (0% moisture)",26.3,1.48,,,
"Beans, Dry, Small White, 275 (0% moisture)",23.8,1.6,,,
"Beans, Dry, Small White, 285 (0% moisture)",23.8,1.1,,,
"Beans, Dry, Small White, 309 (0% moisture)",25.6,1.27,,,
"Beans, Dry, Small White, 527 (0% moisture)",22.3,1.19,,,
"Beans, Dry, Small White, 544 (0% moisture)",23.5,1.02,,,
"Beans, Dry, Small White, 549 (0% moisture)",24.8,1.24,,,
"Beans, Dry, Small White, 564 (0% moisture)",23.6,1.72,,,
"Beans, Dry, Small White, 571 (0% moisture)",25.7,1.44,,,
"Beans, Dry, Small White, 618 (0% moisture)",25.7,1.43,,,
"Beans, Dry, Tan (0% moisture)",26.8,1.14,,,
"Beans, Dry, Tan, 11F-8005 (0% moisture)",27.6,1.34,,,
"Beans, Dry, Tan, 11F-8042 (0% moisture)",25.4,0.98,,,
"Beans, Dry, Tan, 11F-8148 (0% moisture)",26.4,1.06,,,
"Beans, Dry, Tan, 11F-8175 (0% moisture)",28.1,1.19,,,
"Beans, Dry, Tan, 231 (0% moisture)",26.6,1.06,,,
"Beans, Dry, Tan, 302 (0% moisture)",27.5,1.21,,,
"Beans, Dry, Tan, 540 (0% moisture)",26.4,1.29,,,
"Beans, Dry, Tan, 577 (0% moisture)",26.0,1.03,,,
"Beans, black, canned, sodium added, drained and rinsed",6.9125,1.273,19.8135,,
"Beans, cannellini, canned, sodium added, drained and rinsed",7.4125,1.169,18.8185,,
"Beans, cannellini, dry",21.5625,2.199,59.7955,,
"Beans, great northern, canned, sodium added, drained and rinsed",7.03125,1.266,19.32875,,
"Beans, kidney, dark red, canned, sodium added, sugar added, drained and rinsed",7.8,1.256,21.03,,
"Beans, kidney, light red, canned, sodium added, sugar added, drained and rinsed",7.30625,1.299,21.44675,,
"Beans, navy, canned, sodium added, drained and rinsed",6.56875,1.398,19.98325,,
"Beans, pinto, canned, sodium added, drained and rinsed",6.69375,1.266,19.60025,,
"Beans, snap, canned, drained - NFY1211YP",,0.3,,,
"Beans, snap, canned, drained - NFY1211YW",,0.43,,,
"Beans, snap, canned, drained - NFY1211Z2",,0.43,,,
"Beans, snap, canned, drained - NFY1211Z9",,0.43,,,
"Beans, snap, canned, drained - NFY1211ZF",,0.38,,,
"Beans, snap, canned, drained - NFY1211ZM",,0.38,,,
"Beans, snap, canned, drained - NFY1211ZS",,0.37,,,
"Beans, snap, canned, drained - NFY1211ZZ",,0.35,,,
"Beans, snap, canned, drained - NFY121205",,0.39,,,
"Beans, snap, canned, drained - NFY12120C",,0.47,,,
"Beans, snap, canned, drained - NFY12120I",,0.38,,,
"Beans, snap, canned, drained - NFY12120P",,0.41,,,
"Beans, snap, green, canned, regular pack, drained solids",1.04,0.39,4.11,21.0,86.0
"Beans, snap, green, raw",1.96875,0.275,7.41245,,
"Beef, chuck, roast, boneless, choice, raw",18.4,17.8,0.0,,
"Beef, flank, steak, boneless, choice, raw",20.13125,9.399,0.0,,
"Beef, ground, 80% lean meat / 20% fat, raw",17.53125,19.44,0.0,,
"Beef, ground, 80% lean, 20% fat, raw",,20.01571428571429,,,
"Beef, ground, 90% lean meat / 10% fat, raw",18.15625,12.85,0.0,,
"Beef, ground, 90% lean, 10% fat, raw",,13.27,,,
"Beef, ground, grass-fed, 80% lean, 20% fat, raw",,15.37,,,
"Beef, ground, grass-fed, 90% lean, 10% fat, raw",,12.425,,,
"Beef, loin, tenderloin roast, separable lean only, boneless, trimmed to 0"" fat, select, cooked, roasted",27.7,6.36,0.0,176.0,735.0
"Beef, loin, top loin steak, boneless, lip-on, separable lean only, trimmed to 1/8"" fat, choice, raw",22.8,6.39,0.0,155.0,648.0
"Beef, ribeye, steak, boneless, choice, raw",18.74375,20.04,0.0,,
"Beef, round, eye of round roast, boneless, separable lean only, trimmed to 0"" fat, select, raw",23.4,2.48,0.0,122.0,512.0
"Beef, round, top round roast, boneless, separable lean only, trimmed to 0"" fat, select, raw",23.7,2.41,0.0,123.0,514.0
"Beef, round, top round, boneless, choice, raw",21.475,5.703,0.852,,
"Beef, short loin (NY strip steak), raw",21.325,11.535555555555554,0.2212,,
"Beef, short loin, porterhouse steak, separable lean only, trimmed to 1/8"" fat, select, raw",22.7,5.32,0.0,145.0,606.0
"Beef, short loin, t-bone steak, bone-in, separable lean only, trimmed to 1/8"" fat, choice, cooked, grilled",27.3,11.4,0.0,219.0,918.0
"Beef, top sirloin steak, raw",21.975,5.7075555555555555,0.218,,
"Beef, tenderloin steak, raw",21.09375,6.456222222222222,0.18025,,
"Beet greens, raw",1.609375,0.14375555555555555,4.658825,,
"Beets, raw",1.6875,0.3025,8.787,,
"Bison, ground, raw",19.88125,8.879999999999999,-0.14955,,
"Blackberries, raw",1.52625,,,,
"Blackeye pea, canned, sodium added, drained and rinsed",6.925,1.296,19.1659,,
"Blackeye pea, dry",21.225,2.419,61.836,,
"Blueberries, raw",0.703125,0.3063,14.571775,,
"Bok choy, regular (not baby), raw",,0.23375,,,
"Bread, white, commercially prepared",9.43,3.59,49.2,270.0,1130.0
"Bread, whole-wheat, commercially prepared",12.3,3.55,43.1,254.0,1060.0
"Broccoli, Cooked, Region 2, n/a, Yes, Proximates - NFY01049N",,0.29,,,
"Broccoli, Cooked, Region 2, n/a, Yes, Proximates - NFY0104AN",,0.45,,,
"Broccoli, Cooked, Region 4, n/a, Yes, Proximates - NFY0104CY",,0.52,,,
"Broccoli, Cooked, Region 4, n/a, Yes, Proximates - NFY0104DY",,0.47,,,
"Broccoli, Pass 2, Region 1, n/a, Yes, Proximates - NFY010CUE",,0.37,,,
"Broccoli, Pass 2, Region 2, n/a, Yes, Proximates - NFY010D7D",,0.31,,,
"Broccoli, Pass 2, Region 3, n/a, Yes, Proximates - NFY010D84",,0.41,,,
"Broccoli, Pass 2, Region 4, n/a, Yes, Proximates - NFY010CV8",,0.23,,,
"Broccoli, Region 1, n/a, Yes, Proximates - NFY01047M",,0.38,,,
"Broccoli, Region 1, n/a, Yes, Proximates - NFY01048F",,0.41,,,
"Broccoli, Region 2, n/a, Yes, Proximates - NFY01048K",,0.34,,,
"Broccoli, Region 2, n/a, Yes, Proximates - NFY01049F",,0.3,,,
"Broccoli, Region 3, n/a, Yes, Proximates - NFY0104AU",,0.22,,,
"Broccoli, Region 3, n/a, Yes, Proximates - NFY0104BP",,0.36,,,
"Broccoli, Region 4, n/a, Yes, Proximates - NFY0104BX",,0.3,,,
"Broccoli, Region 4, n/a, Yes, Proximates - NFY0104CS",,0.42,,,
"Broccoli, raw",2.57,0.34,6.279999999999999,31.5,132.0
"Broccoli, steamed, Pass 2, Region 2, n/a, Yes, Proximates - NFY010D8W",,0.43,,,
"Broccoli, steamed, Pass 2, Region 4, n/a, Yes, Proximates - NFY010CW4",,0.35,,,
"Brussels sprouts, raw",3.984375,0.565,9.615625,,
"Buckwheat, whole grain",11.06534,3.039,71.13066,,
"Bulgur, dry, raw",11.75625,2.421222222222222,75.88175,,
"Butter, stick, salted",,82.2,,,
"Butter, stick, unsalted",,81.4875,,,
"Buttermilk, low fat",3.464978,1.081,4.811522,,
"Buttermilk, lowfat",,1.08125,,,
"CHEESE, RICOTTA, WHOLE MILK, GALBANI",,11.08,,,
"CHEESE, RICOTTA, WHOLE MILK, LUCERNE",,11.9,,,
"CHEESE, RICOTTA, WHOLE MILK, POLLY-O",,11.5,,,
"CHEESE, RICOTTA, WHOLE MILK, SORRENTO",,8.2,,,
"CHEESE, RICOTTA, WHOLE MILK, STORE/OTHER",,11.32,,,
"CHORIZO PORK SAUSAGE, JOHNSONVILLE, COOKED",,28.4,,,
"CHORIZO PORK SAUSAGE, MIXED BRAND, COOKED",,27.7,,,
"CRANBERRY JUICE, SHELF STABLE, FROM CONCENTRATE, NOT FORTIFIED",,0.33749999999999997,,,
"Cabbage, bok choy, raw",1.02375,0.2338,3.51495,,
"Cabbage, green, raw",0.96125,0.2275,6.38375,,
"Cabbage, napa, leaf, destemmed, raw",1.06375,,,,
"Cabbage, red, raw",1.2425,0.2138,6.7899,,
"Cantaloupe, Raw, Pass 2, Region 1, n/a, Yes, Proximates - NFY010CXG",,0.14,,,
"Cantaloupe, Raw, Pass 2, Region 2, n/a, Yes, Proximates - NFY010DA7",,0.25,,,
"Cantaloupe, Raw, Pass 2, Region 3, n/a, Yes, Proximates - NFY010DAX",,0.01,,,
"Cantaloupe, Raw, Pass 2, Region 4, n/a, Yes, Proximates - NFY010CYB",,0.32,,,
"Cantaloupe, raw, Region 1, n/a, Yes - Fiber,  NF000987",,0.18,,,
"Cantaloupe, raw, Region 1, n/a, Yes - Proximates,  NF000980, NF00098U",,0.18,,,
"Cantaloupe, raw, Region 3, n/a, Yes - Proximates,  NF0009H6, NF0009I0",,0.18,,,
"Cantaloupe, raw, Region 4, n/a, Yes - Proximates,  NF0009I5, NF0009IS",,0.23,,,
"Carrots, baby, raw",0.805,0.1375,9.0787,,
"Carrots, frozen, unprepared",0.81,0.47,7.92,37.0,153.0
"Carrots, frozen, unprepared (Includes foods for USDA's Food Distribution Program)",0.81,0.47,7.92,37.0,153.0
"Carrots, mature, raw",0.94125,0.3506,10.26755,,
"Carrots, sliced or crinkle cut, frozen, unprepared - Proximates - NF9913QG",,0.92,,,
"Carrots, sliced or crinkle cut, frozen, unprepared - Proximates - NF9913QM",,0.27,,,
"Carrots, sliced or crinkle cut, frozen, unprepared - Proximates - NF9913QP",,0.46,,,
"Carrots, sliced or crinkle cut, frozen, unprepared - Proximates - NF9913SR",,0.25,,,
"Carrots, sliced or crinkle cut, frozen, unprepared - Proximates - NF9913T8",,1.08,,,
"Carrots, sliced or crinkle cut, frozen, unprepared - Proximates - NF9913TB",,0.17,,,
"Carrots, sliced or crinkle cut, frozen, unprepared - Proximates - NF9913U0",,0.42,,,
"Carrots, sliced or crinkle cut, frozen, unprepared - Proximates - NF9913VW",,0.26,,,
"Carrots, sliced or crinkle cut, frozen, unprepared - Proximates - NF9913WD",,1.16,,,
"Carrots, sliced or crinkle cut, frozen, unprepared - Proximates - NF9913WG",,0.24,,,
"Carrots, sliced or crinkle cut, frozen, unprepared - Proximates - NF9913X5",,0.48,,,
"Carrots, sliced or crinkle cut, frozen, unprepared - Proximates - NF9913Z7",,0.29,,,
"Carrots, whole, unprepared - Proximates - NF99140C",,1.51,,,
"Carrots, whole, unprepared - Proximates - NF99140F",,0.4,,,
"Carrots, whole, unprepared - Proximates - NF991414",,0.41,,,
"Carrots, whole, unprepared - Proximates - NF99143A",,0.35,,,
"Carrots, whole, unprepared - Proximates - NF99143S",,1.38,,,
"Carrots, whole, unprepared - Proximates - NF99143U",,0.38,,,
"Carrots, whole, unprepared - Proximates - NF99146P",,0.3,,,
"Carrots, whole, unprepared - Proximates - NF9914EH",,0.37,,,
"Cauliflower, raw",1.640625,0.23750000000000002,4.723075,,
"Celery, raw",0.4921875,0.1625,3.3165125,,
Cheese,,30.818181818181817,,,
"Cheese, American",,31.333333333333332,,,
"Cheese, American, restaurant",17.5,31.1,6.35,375.0,1570.0
"Cheese, cheddar",23.3,34.0,2.44,408.0,1710.0
"Cheese, cotija, solid",23.83568,27.24,2.72432,,
"Cheese, cottage, lowfat, 2% milkfat",11.0,2.3,4.31,84.0,352.0
"Cheese, dry white, queso seco",24.5,24.3,2.07,326.0,1360.0
"Cheese, feta, whole milk, crumbled",19.70782,19.07611111111111,5.58318,,
"Cheese, monterey jack, solid",22.6171,32.63,1.8979,,
"Cheese, mozzarella, low moisture, part-skim",23.7,20.4,4.44,298.0,1240.0
"Cheese, oaxaca, solid",22.14498,22.1,2.40202,,
"Cheese, parmesan, grated",29.6,28.0,12.4,421.0,1760.0
"Cheese, parmesan, grated, refrigerated",30.13912,29.49777777777778,4.33188,,
"Cheese, pasteurized process cheese food or product, American, singles",15.5672,23.86,8.1898,,
"Cheese, pasteurized process, American, vitamin D fortified",18.0,30.6,5.27,366.0,1530.0
"Cheese, provolone, sliced",23.45288,28.13,2.45312,,
"Cheese, queso fresco, solid",18.8848,23.36,2.9572,,
"Cheese, ricotta, whole milk",7.81,11.0,6.86,157.0,657.0
"Cheese, swiss",27.0,31.0,1.44,393.0,1640.0
"Cherries, dark red, sweet, raw",,0.1925,,,
"Cherries, sweet, dark red, raw",1.039375,0.1925,16.163125,,
"Chia seeds, dry, raw",17.013,32.89,38.273,,
"Chia seeds, whole, dry, raw",,32.885,,,
"Chicken, breast, boneless, skinless, raw",22.525,1.934,0.0,,
"Chicken, breast, meat and skin, raw",21.40625,4.776714285714285,-0.42825,,
"Chicken, broiler or fryers, breast, skinless, boneless, meat only, cooked, braised",32.1,3.24,0.0,166.0,695.0
"Chicken, broilers or fryers, drumstick, meat only, cooked, braised",23.9,5.95,0.0,156.0,652.0
"Chicken, drumstick, meat and skin, raw",18.35625,5.94,-0.47505,,
"Chicken, ground, breast meat only, raw",,2.66,,,
"Chicken, ground, raw",,8.661666666666667,,,
"Chicken, ground, with additives, raw",17.9125,7.161,0.0,,
"Chicken, thigh, boneless, skinless, raw",18.6125,7.916,0.0,,
"Chicken, thigh, meat and skin, raw",17.10625,13.346666666666668,-0.17255,,
"Chicken, wing, meat and skin, raw",18.40625,10.643333333333334,-0.45875,,
"Chickpeas (garbanzo beans, bengal gram), canned, sodium added, drained and rinsed",7.01875,3.096,20.32025,,
"Chickpeas, (garbanzo beans, bengal gram), dry",21.275,6.274,60.358,,
"Cholesterol & moisture, Cottage cheese, 2% milkfat, DAISY (MO,CT) - NFY120BPD",,2.35,,,
"Cholesterol, Cheese, swiss, slices (CA2, CO) - 18c-17-03-Chol",,31.7,,,
"Cholesterol, Cheese, swiss, slices (CA2, NC) - 18c-16-03-Chol",,30.7,,,
"Cholesterol, Cheese, swiss, slices (CO, CT) - 18c-16-05-Chol",,30.4,,,
"Cholesterol, Cheese, swiss, slices (FL, MO) - 18c-17-05-Chol",,31.1,,,
"Cholesterol, Cheese, swiss, slices (IN, MI) - 18c-17-01-Chol",,29.4,,,
"Cholesterol, Cheese, swiss, slices (IN, NY) - 18c-16-01-Chol",,30.2,,,
"Cod, Pacific or Alaskan, frozen, wild caught",14.2,0.216,0.524,,
"Collards, raw",2.96875,0.77,7.02225,,
"Cookies, oatmeal, soft, with raisins",5.79,14.3,69.6,430.0,1800.0
"Corn flour, masa harina, white or yellow, dry, raw",7.5625,4.34,76.6895,,
"Corn flour, masa harina, white, dry, raw",,4.623333333333334,,,
"Corn flour, masa harina, yellow, dry, raw",,4.056666666666667,,,
"Corn, sweet, yellow and white kernels, husked, kernels cut off, raw",,1.62625,,,
"Corn, sweet, yellow and white kernels,  fresh, raw",2.789375,1.626,14.689625,,
"Cottage cheese, full fat, large or small curd",11.62436,4.225,4.59964,,
"Cranberry juice, not fortified, from concentrate, shelf stable",0.0,0.3375,7.26375,,
"Cream cheese, full fat, block",5.78985,33.49,4.55615,,
"Cream, heavy",2.017994,35.56,3.799506,,
"Cream, sour, full fat",3.070694,17.99,5.555506,,
"Crustaceans, crab, blue swimming, lump, pasteurized, refrigerated",18.65,0.8075,0.0,,
"Crustaceans, shrimp, farm raised, raw",15.56875,0.8013,0.48495,,
"Cucumber, with peel, raw",0.625,0.1775,2.9525,,
Egg whites,,0.155625,,,
"Egg whites, dried",,0.6493333333333333,,,
Egg yolk,,25.1,,,
"Egg yolks, dried",,55.476470588235294,,,
"Egg, white, dried",79.9,0.65,6.02,376.0,1570.0
"Egg, white, raw, frozen, pasteurized",10.1,0.16,0.74,48.0,201.0
"Egg, whole, dried",48.1,39.8,1.87,575.0,2410.0
"Egg, whole, raw, frozen, pasteurized",12.3,10.3,0.91,150.0,627.0
"Egg, yolk, dried",34.2,55.5,1.07,654.0,2740.0
"Egg, yolk, raw, frozen, pasteurized",15.6,25.1,0.59,296.0,1240.0
"Eggplant, Italian, raw",,0.12,,,
"Eggplant, raw",0.851875,0.12,5.399325,,
"Eggs, Grade A, Large, egg white",10.7,0.0,2.36,55.0,231.0
"Eggs, Grade A, Large, egg whole",12.4,9.96,0.96,148.0,617.0
"Eggs, Grade A, Large, egg yolk",16.2,28.8,1.02,334.0,1400.0
"Eggs, whites",,0.0,,,
"Eggs, whole",,9.955416666666666,,,
"Eggs, yolk",,28.425,,,
"Eggs, yolk ",,29.141666666666666,,,
"Einkorn, grain, dry, raw",15.11719,3.811,68.65381,,
"Einkorn, grain, wheat berry, dry, raw",,3.81125,,,
"FLOUR, ALL PURPOSE (ENRICHED) (BLEACHED)",,1.4833333333333334,,,
"FLOUR, ALL PURPOSE (ENRICHED) (UNBLEACHED)",,1.4833333333333334,,,
"FLOUR, ALL PURPOSE (UNENRICHED) (UNBLEACHED)",,1.5,,,
"FLOUR, ALL PURPOSE (UNENRICHED) (UNBLEACHED) (ORGANIC)",,1.7399999999999998,,,
"FLOUR, BREAD, WHITE (ENRICHED) (UNBLEACHED)",,1.6600000000000001,,,
"FLOUR, BREAD, WHITE (ENRICHED) (UNBLEACHED) (ORGANIC)",,1.6,,,
"FLOUR, CORN, YELLOW (FINE MEAL) (ENRICHED)",,1.7399999999999998,,,
"FLOUR, PASTRY, WHITE (UNENRICHED) (UNBLEACHED)",,1.6440000000000001,,,
"FLOUR, RICE, BROWN",,4.165,,,
"FLOUR, RICE, BROWN (ORGANIC)",,3.535,,,
"FLOUR, RICE, GLUTENOUS",,1.165,,,
"FLOUR, RICE, WHITE",,1.3199999999999998,,,
"FLOUR, RICE, WHITE (ORGANIC)",,1.2,,,
"FLOUR, SOY (DEFATTED)",,3.3259999999999996,,,
"FLOUR, SOY, FULL FAT",,20.599999999999998,,,
"FLOUR, SOY, FULL FAT (ORGANIC)",,20.9,,,
"FLOUR, WHOLE WHEAT (UNENRICHED)",,2.55,,,
"FLOUR, WHOLE WHEAT (UNENRICHED) (ORGANIC)",,3.1,,,
"Farro, pearled, dry, raw",12.63944,3.102555555555556,72.13156,,
"Fat, Chicken, dark meat, lean only, drumstick, braised, enhanced (OK1,MI1) - 14B-06-06-TotalFat",,6.33,,,
"Fat, Chicken, dark meat, lean only, drumstick, braised, non-enhanced (AL1,CA1) - 14B-06-05-TotalFat",,5.67,,,
"Fat, Chicken, dark meat, lean only, drumstick, braised, non-enhanced (CA2,NC1) - 14B-06-02-TotalFat",,6.19,,,
"Fat, Chicken, dark meat, lean only, drumstick, braised, non-enhanced (CO1,CT1,IN1) - 14B-06-03-TotalFat",,5.67,,,
"Fat, Chicken, dark meat, lean only, drumstick, braised, non-enhanced (FL1,MO1,NY1) - 14B-06-04-TotalFat",,6.29,,,
"Fat, Chicken, dark meat, lean only, drumstick, braised, non-enhanced (National) - 14B-06-01-TotalFat",,5.54,,,
"Fat, Chicken, dark meat, lean only, drumstick, raw, enhanced (OK1,MI1) - 14B-04-06-TotalFat",,3.88,,,
"Fat, Chicken, dark meat, lean only, drumstick, raw, non-enhanced (AL1,CA1) - 14B-04-05-TotalFat",,4.36,,,
"Fat, Chicken, dark meat, lean only, drumstick, raw, non-enhanced (CA2,NC1) - 14B-04-02-TotalFat",,3.63,,,
"Fat, Chicken, dark meat, lean only, drumstick, raw, non-enhanced (CO1,CT1,IN1) - 14B-04-03-TotalFat",,3.54,,,
"Fat, Chicken, dark meat, lean only, drumstick, raw, non-enhanced (FL1,MO1,NY1) - 14B-04-04-TotalFat",,3.74,,,
"Fat, Chicken, dark meat, lean only, drumstick, raw, non-enhanced (National) - 14B-04-01-TotalFat",,3.81,,,
"Fat, Chicken, dark meat, lean only, drumstick, roasted, enhanced (OK1,MI1) - 14B-05-06-TotalFat",,5.21,,,
"Fat, Chicken, dark meat, lean only, drumstick, roasted, non-enhanced (AL1,CA1) - 14B-05-05-TotalFat",,5.64,,,
"Fat, Chicken, dark meat, lean only, drumstick, roasted, non-enhanced (CA2,NC1) - 14B-05-02-TotalFat",,5.18,,,
"Fat, Chicken, dark meat, lean only, drumstick, roasted, non-enhanced (CO1,CT1,IN1) - 14B-05-03-TotalFat",,5.8,,,
"Fat, Chicken, dark meat, lean only, drumstick, roasted, non-enhanced (FL1,MO1,NY1) - 14B-05-04-TotalFat",,5.33,,,
"Fat, Chicken, dark meat, lean only, drumstick, roasted, non-enhanced (National) - 14B-05-01-TotalFat",,5.48,,,
"Fat, Chicken, dark meat, lean only, thigh, braised, enhanced (OK1,MI1) - 14B-09-06-TotalFat",,6.91,,,
"Fat, Chicken, dark meat, lean only, thigh, braised, non-enhanced (AL1,CA1) - 14B-09-05-TotalFat",,9.01,,,
"Fat, Chicken, dark meat, lean only, thigh, braised, non-enhanced (CA2,NC1) - 14B-09-02-TotalFat",,8.15,,,
"Fat, Chicken, dark meat, lean only, thigh, braised, non-enhanced (CO1,CT1) - 14B-09-03-TotalFat",,8.76,,,
"Fat, Chicken, dark meat, lean only, thigh, braised, non-enhanced (FL1,MO1,NY1) - 14B-09-04-TotalFat",,8.6,,,
"Fat, Chicken, dark meat, lean only, thigh, braised, non-enhanced (National) - 14B-09-01-TotalFat",,8.63,,,
"Fat, Chicken, dark meat, lean only, thigh, raw, enhanced (OK1,MI1) - 14B-07-06-TotalFat",,3.8,,,
"Fat, Chicken, dark meat, lean only, thigh, raw, non-enhanced (AL1,CA1) - 14B-07-05-TotalFat",,4.01,,,
"Fat, Chicken, dark meat, lean only, thigh, raw, non-enhanced (CA2,NC1) - 14B-07-02-TotalFat",,4.41,,,
"Fat, Chicken, dark meat, lean only, thigh, raw, non-enhanced (CO1,CT1) - 14B-07-03-TotalFat",,4.34,,,
"Fat, Chicken, dark meat, lean only, thigh, raw, non-enhanced (FL1,MO1,NY1) - 14B-07-04-TotalFat",,3.97,,,
"Fat, Chicken, dark meat, lean only, thigh, raw, non-enhanced (National) - 14B-07-01-TotalFat",,3.83,,,
"Fat, Chicken, dark meat, lean only, thigh, roasted, enhanced (OK1,MI1) - 14B-08-06-TotalFat",,7.2,,,
"Fat, Chicken, dark meat, lean only, thigh, roasted, non-enhanced (AL1,CA1) - 14B-08-05-TotalFat",,8.24,,,
"Fat, Chicken, dark meat, lean only, thigh, roasted, non-enhanced (CA2,NC1) - 14B-08-02-TotalFat",,8.66,,,
"Fat, Chicken, dark meat, lean only, thigh, roasted, non-enhanced (CO1,CT1) - 14B-08-03-TotalFat",,7.81,,,
"Fat, Chicken, dark meat, lean only, thigh, roasted, non-enhanced (FL1,MO1,NY1) - 14B-08-04-TotalFat",,7.71,,,
"Fat, Chicken, dark meat, lean only, thigh, roasted, non-enhanced (National) - 14B-08-01-TotalFat",,8.93,,,
"Fat, Chicken, skin, braised, from drumsticks and thighs, non-enhanced (AL1,CA1) - 14B-03-05-TotalFat",,44.0,,,
"Fat, Chicken, skin, braised, from drumsticks and thighs, non-enhanced (CA2,NC1) - 14B-03-02-TotalFat",,42.5,,,
"Fat, Chicken, skin, braised, from drumsticks and thighs, non-enhanced (FL1,MO1,NY1) - 14B-03-04-TotalFat",,46.1,,,
"Fat, Chicken, skin, braised, from drumsticks and thighs, non-enhanced (National) - 14B-03-01-TotalFat",,45.2,,,
"Fat, Chicken, skin, raw, from drumsticks and thighs, non-enhanced (AL1,CA1) - 14B-01-05-TotalFat",,44.3,,,
"Fat, Chicken, skin, raw, from drumsticks and thighs, non-enhanced (CA2,NC1) - 14B-01-02-TotalFat",,41.4,,,
"Fat, Chicken, skin, raw, from drumsticks and thighs, non-enhanced (CO1,CT1,IN1) - 14B-01-03-TotalFat",,43.3,,,
"Fat, Chicken, skin, raw, from drumsticks and thighs, non-enhanced (FL1,MO1,NY1) - 14B-01-04-TotalFat",,47.9,,,
"Fat, Chicken, skin, raw, from drumsticks and thighs, non-enhanced (National) - 14B-01-01-TotalFat",,44.2,,,
"Fat, Chicken, skin, roasted, from drumsticks and thighs, enhanced (OK1,MI1) - 14B-02-06-TotalFat",,41.8,,,
"Fat, Chicken, skin, roasted, from drumsticks and thighs, non-enhanced (AL1,CA1) - 14B-02-05-TotalFat",,44.5,,,
"Fat, Chicken, skin, roasted, from drumsticks and thighs, non-enhanced (CA2,NC1) - 14B-02-02-TotalFat",,41.1,,,
"Fat, Chicken, skin, roasted, from drumsticks and thighs, non-enhanced (CO1,CT1,IN1) - 14B-02-03-TotalFat",,41.1,,,
"Fat, Chicken, skin, roasted, from drumsticks and thighs, non-enhanced (FL1,MO1,NY1) - 14B-02-04-TotalFat",,47.6,,,
"Fat, Chicken, skin, roasted, from drumsticks and thighs, non-enhanced (National) - 14B-02-01-TotalFat",,45.6,,,
"Fennel, bulb, raw",0.921875,0.14,5.486225,,
"Figs, Dried, Pass 2, Region 1, n/a, No, Proximates - NFY010CDB",,1.35,,,
"Figs, Dried, Pass 2, Region 1, n/a, No, Proximates - NFY010CE6",,1.21,,,
"Figs, Dried, Pass 2, Region 2, n/a, Yes, Proximates - NFY010CEH",,1.1,,,
"Figs, Dried, Pass 2, Region 2, n/a, Yes, Proximates - NFY010CFB",,1.12,,,
"Figs, Dried, Pass 2, Region 3, n/a, Yes, Proximates - NFY010CFL",,1.57,,,
"Figs, Dried, Pass 2, Region 3, n/a, Yes, Proximates - NFY010CGE",,1.04,,,
"Figs, Dried, Pass 2, Region 4, n/a, Yes, Proximates - NFY010CGO",,1.07,,,
"Figs, Dried, Pass 2, Region 4, n/a, Yes, Proximates - NFY010CHH",,1.19,,,
"Figs, dried, uncooked",3.3,0.92,63.9,249.0,1040.0
"Fish, catfish, farm raised, raw",16.46875,7.308,0.0,,
"Fish, cod, Atlantic, wild caught, raw",16.06875,0.6675,0.0,,
"Fish, haddock, raw",16.3,0.45,0.0,74.0,308.0
"Fish, pollock, raw",12.3,0.41,0.0,56.0,235.0
"Fish, salmon, Atlantic, farm raised, raw",20.31875,13.11,0.0,,
"Fish, salmon, sockeye, wild caught, raw",22.3,4.936,0.0,,
"Fish, tilapia, farm raised, raw",19.0,2.479,0.0,,
"Fish, tuna, light, canned in water, drained solids",19.0,0.94,0.08,90.0,376.0
"Flaxseed, ground",18.0359,37.28,34.3551,,
"Flour, 00",11.4,1.52,74.4462,,
"Flour, Semolina, Coarse",,1.54,,,
"Flour, Semolina, Semi-Coarse",,1.6533333333333333,,,
"Flour, almond",26.24375,50.23,16.24925,,
"Flour, almond, blanched",,50.22625,,,
"Flour, amaranth",13.2093,6.236,68.7787,,
"Flour, barley",8.72168,2.45,77.39832,,
"Flour, bread, white, enriched, unbleached",14.3,1.65,72.8,363.0,1520.0
"Flour, buckwheat",8.88492,2.484,75.01808,,
"Flour, cassava",0.918225,0.4938,87.312975,,
"Flour, chestnut",5.28675,4.636,80.45025,,
"Flour, coconut",16.1385,15.28,58.9025,,
"Flour, corn, yellow, fine meal, enriched",6.2,1.74,80.8,364.0,1520.0
"Flour, oat, whole grain",13.16875,6.309,69.91725,,
"Flour, pastry, unenriched, unbleached",8.75,1.64,77.2,358.0,1500.0
"Flour, potato",8.1125,0.9512555555555555,79.9422,,
"Flour, quinoa",11.92235,6.601,69.52465,,
"Flour, rice, brown",7.19,3.85,75.5,365.25,1582.206
"Flour, rice, glutinous",6.69,1.16,80.1,358.0,1500.0
"Flour, rice, white, unenriched",6.94,1.3,79.8,359.0,1500.0
"Flour, rye",8.3952,1.908,77.1618,,
"Flour, semolina, coarse and semi-coarse",11.73125,1.597,73.82345,,
"Flour, semolina, fine",13.33125,1.838,71.98575,,
"Flour, sorghum",8.27277,3.586,77.39123,,
"Flour, soy, defatted",51.1,3.33,32.9,366.0,1530.0
"Flour, soy, full-fat",38.6,20.7,27.9,452.0,1890.0
"Flour, spelt, whole grain",14.475,2.543,70.723,,
"Flour, wheat, all-purpose, enriched, bleached",10.9,1.48,77.3,366.0,1530.0
"Flour, wheat, all-purpose, enriched, unbleached",13.1,1.48,73.2,358.0,1500.0
"Flour, wheat, all-purpose, unenriched, unbleached",12.0,1.7,74.6,362.0,1510.0
"Flour, whole grain oat",,6.30875,,,
"Flour, whole wheat, unenriched",15.1,2.73,71.2,370.0,1550.0
"Fonio, grain, dry, raw",7.16875,1.692875,81.30525,,
"Frankfurter, beef, unheated",11.7,28.0,2.89,314.0,1310.0
GARLIC,,0.38333333333333336,,,
"GRAPE JUICE, PURPLE, FROM CONCENTRATE WITH ADDED VITAMIN C, SHELF STABLE",,0.2875,,,
"GRAPE JUICE, WHITE, FROM CONCENTRATE WITH ADDED VITAMIN C, SHELF STABLE",,0.265,,,
"GRAPEFRUIT JUICE, RED, REFRIGERATED, NOT FORTIFIED, NOT FROM CONCENTRATE",,0.266875,,,
"Garlic, raw",6.62,0.38,28.2,143.0,597.0
"Grape juice, purple, with added vitamin C, from concentrate, shelf stable",0.2578125,0.2875,15.6227875,,
"Grape juice, white, with added vitamin C, from concentrate, shelf stable",0.09375,0.265,15.84375,,
"Grapefruit juice, red, not fortified, not from concentrate, refrigerated",0.5703125,0.2669,9.1021875,,
"Grapefruit juice, white, canned or bottled, unsweetened",0.55,0.7,7.59,37.0,157.0
"Grapefruit juice, white, shelf stable - NFY1213SH",,0.73,,,
"Grapefruit juice, white, shelf stable - NFY1213SW",,0.69,,,
"Grapefruit juice, white, shelf stable - NFY1213T5",,0.43,,,
"Grapefruit juice, white, shelf stable - NFY1213TH",,0.65,,,
"Grapefruit juice, white, shelf stable - NFY1213TQ",,0.72,,,
"Grapefruit juice, white, shelf stable - NFY1213U4",,0.87,,,
"Grapefruit juice, white, shelf stable - NFY1213UD",,0.68,,,
"Grapefruit juice, white, shelf stable - NFY1213US",,0.5,,,
"Grapefruit juice, white, shelf stable - NFY1213V5",,0.86,,,
"Grapefruit juice, white, shelf stable - NFY1213VF",,0.83,,,
"Grapes, green, seedless, raw",0.89875,0.2325,18.60375,,
"Grapes, red, seedless, raw",0.914375,0.1638,20.196825,,
"Green beans, raw",,0.275,,,
"Green onion, (scallion), bulb and greens, root removed, raw",0.66875,,,,
"Halibut, frozen, wild caught",19.0625,0.5916714285714286,-0.0602,,
Ham,,3.680434782608696,,,
"Ham, sliced, pre-packaged, deli meat (96%fat free, water added)",16.7,3.73,0.27,106.0,443.0
"Ham, sliced, restaurant",19.6,3.68,2.36,121.0,507.0
Hot dogs beef,,28.01764705882353,,,
Hummus,,17.136363636363637,,,
"Hummus, commercial",7.35,17.1,14.9,229.0,960.0
"ITALIAN PORK SAUSAGE, GREAT VALUE, COOKED",,27.0,,,
"ITALIAN PORK SAUSAGE, JOHNSONVILLE HOT, COOKED",,26.8,,,
"ITALIAN PORK SAUSAGE, JOHNSONVILLE MILD, COOKED",,25.3,,,
"ITALIAN PORK SAUSAGE, KROGER, COOKED",,25.450000000000003,,,
"ITALIAN PORK SAUSAGE, STORE/OTHER, COOKED",,27.48,,,
"Juice, pomegranate, from concentrate, shelf-stable",0.0,,,,
"Juice, prune, shelf-stable",0.422625,,,,
"Juice, tart cherry, from concentrate, shelf-stable",0.1465625,,,,
Kale - NFY1212CI,,1.56,,,
Kale - NFY1212CY,,1.43,,,
Kale - NFY1212DW,,1.45,,,
Kale - NFY1212EC,,1.49,,,
Kale - NFY1212ES,,1.51,,,
Kale - NFY1214RD,,1.19,,,
Kale - NFY1214RQ,,1.3,,,
Kale - NFY1214S2,,1.27,,,
Kale - NFY1214SF,,0.91,,,
Kale - NFY1214SR,,1.25,,,
Kale - NFY1214T3,,1.34,,,
"Kale, frozen, cooked, boiled, drained, without salt",2.94,1.21,5.3,36.0,151.0
"Kale, raw",2.92,1.49,4.42,35.0,148.0
Ketchup,,0.5458695652173913,,,
"Ketchup, restaurant",1.11,0.55,26.8,117.0,488.0
"Khorasan, grain, dry, raw",14.75573,2.8,71.79427,,
"Khorasan, grain, wheat berry, dry, raw",,2.8,,,
"Kiwi, Pass 2, Region 1, n/a, Yes, Proximates - NFY010BY1",,0.9,,,
"Kiwi, Pass 2, Region 2, n/a, Yes, Proximates - NFY010BYV",,1.09,,,
"Kiwi, Pass 2, Region 3, n/a, Yes, Proximates - NFY010BZD",,0.19,,,
"Kiwi, Pass 2, Region 4, n/a, Yes, Proximates - NFY010BZU",,0.25,,,
"Kiwi, Region 1, n/a, Yes, Proximates  - NFY0100RA",,0.27,,,
"Kiwi, Region 2, n/a, Yes, Proximates  - NFY0100S6",,0.34,,,
"Kiwi, Region 3, n/a, Yes, Proximates  - NFY0100T4",,0.11,,,
"Kiwi, Region 4, n/a, Yes, Proximates  - NFY0100U2",,0.4,,,
"Kiwifruit (kiwi), green, peeled, raw",1.008125,0.64,13.818075,,
"Kiwifruit, green, raw",1.06,0.44,14.0,58.0,241.0
"Lamb, ground, raw",17.4625,18.635714285714283,-0.2508,,
"Leeks, bulb and greens, root removed, raw",1.4675,,,,
"Lentils, dry",23.56875,1.925,62.17125,,
"Lettuce, cos or romaine, raw",1.24,0.26,3.24,17.0,70.0
"Lettuce, iceberg, raw",0.7425,0.07375000000000001,3.36875,,
"Lettuce, leaf, green, raw",1.09375,0.15625555555555556,4.06615,,
"Lettuce, leaf, red, raw",0.883125,0.10625555555555555,3.260575,,
"Lettuce, romaine, green, raw",0.976875,0.07125,4.055575,,
"Lobster, tail only, frozen, wild caught",12.99375,0.3666714285714286,0.88555,,
"Lunchmeat, ham - NFY1210NW",,3.24,,,
"Lunchmeat, ham - NFY1210OA",,4.66,,,
"Lunchmeat, ham - NFY1210OP",,3.62,,,
"Lunchmeat, ham - NFY1210P3",,3.99,,,
"Lunchmeat, ham - NFY1210PI",,3.92,,,
"Lunchmeat, ham - NFY1210PP",,3.07,,,
"Lunchmeat, ham - NFY1210PW",,3.08,,,
"Lunchmeat, ham - NFY1210Q3",,3.02,,,
"Lunchmeat, ham - NFY1210QA",,4.38,,,
"Lunchmeat, ham - NFY1210QH",,4.44,,,
"Lunchmeat, ham - NFY1210R2",,3.61,,,
"MILK, 1%",,0.9096,,,
"MILK, 1% ",,1.14,,,
"MILK, 2% ",,1.90125,,,
"MILK, SKIM ",,0.12444444444444445,,,
"MILK, WHOLE ",,3.1542307692307694,,,
"MUSHROOMS, LIONS MANE",,0.25625,,,
"MUSHROOMS, OYSTER",,0.1875,,,
"MUSHROOMS, SHIITAKE",,0.195,,,
"MUSHROOMS, WHITE BUTTON",,0.37083333333333335,,,
"Mahi mahi, frozen, wild caught",19.79375,0.37667142857142855,0.28655,,
"Mandarin, seedless, peeled, raw",1.039375,0.45749999999999996,13.421825,,
"Mango, Ataulfo, peeled, pit removed, raw",,0.68125,,,
"Mango, Ataulfo, peeled, raw",0.6875,0.6813,17.3962,,
"Mango, Tommy Atkins, peeled, pit removed, raw",,0.5725,,,
"Mango, Tommy Atkins, peeled, raw",0.5625,0.5725,15.265,,
"Melons, cantaloupe, raw",0.82,0.18,8.16,34.0,141.0
"Melons, honeydew, flesh only, raw",,0.21625,,,
"Melons, honeydew, raw",0.53125,0.2163,8.14995,,
"Milk, lowfat, fluid, 1% milkfat, with added vitamin A and vitamin D",3.38,0.95,5.1850000000000005,43.0,179.0
"Milk, nonfat, fluid, with added vitamin A and vitamin D (fat free or skim)",3.43,0.08,4.904999999999999,34.0,143.5
"Milk, reduced fat, fluid, 2% milkfat, with added vitamin A and vitamin D",3.355,1.9,4.905,50.0,209.0
"Milk, whole, 3.25% milkfat, with added vitamin D",3.275,3.2,4.65,60.0,251.5
"Millet, whole grain",10.02177,4.194,74.44623,,
"Mission Figs, Dried, Region 1, n/a, No, Proximates  - NFY",,0.59,,,
"Mission Figs, Dried, Region 2, n/a, Yes, Proximates  - NF",,0.7,,,
"Mission Figs, Dried, Region 3, n/a, Yes, Proximates  - NF",,0.59,,,
"Mission Figs, Dried, Region 4, n/a, No, Proximates  - NFY",,0.69,,,
"Mushroom, beech",2.18,0.4494,6.7593,,
"Mushroom, crimini",3.09375,0.1967,4.01455,,
"Mushroom, enoki",2.416875,0.245,8.141425,,
"Mushroom, king oyster",2.40625,0.3075,8.50065,,
"Mushroom, lion's mane",2.5,0.2563,7.5897,,
"Mushroom, maitake",2.203125,0.265,6.604375,,
"Mushroom, oyster",2.89875,0.1875,6.94125,,
"Mushroom, pioppini",3.5,0.24,5.7637,,
"Mushroom, portabella",2.75,0.3117,4.6583,,
"Mushrooms, shiitake",2.414375,0.195,8.170625,,
"Mushrooms, white button",2.890625,0.3708,4.079375,,
"Mustard, Yellow, Prepared, French's Classic Yellow Mustard, Proximates - NFY0210KB",,3.97,,,
"Mustard, Yellow, Prepared, Store Brand, Proximates - NFY0210ME",,4.11,,,
"Mustard, Yellow, Prepared, Store Brand, Proximates - NFY0210NF",,3.96,,,
"Mustard, prepared, yellow",4.25,3.38,5.3,61.0,254.0
"Nectarines, Raw, Pass 2, Region 1, n/a, Yes, Proximates - NFY010BU9",,0.43,,,
"Nectarines, Raw, Pass 2, Region 2, n/a, Yes, Proximates - NFY010BV5",,0.7,,,
"Nectarines, Raw, Pass 2, Region 3, n/a, Yes, Proximates - NFY010BVY",,0.39,,,
"Nectarines, Raw, Pass 2, Region 4, n/a, Yes, Proximates - NFY010BWR",,0.01,,,
"Nectarines, fresh, Region 1, n/a, Yes - Proximates, NF0008LR",,0.13,,,
"Nectarines, fresh, Region 2, n/a, Yes - Proximates, NF0008MO",,0.13,,,
"Nectarines, fresh, Region 3, n/a, Yes - Proximates, NF0008NF",,0.23,,,
"Nectarines, fresh, Region 4, n/a, Yes - Proximates, NF0008OC",,0.17,,,
"Nectarines, raw",1.06,0.28,9.18,39.0,163.0
"Nuts, almonds, dry roasted, with salt added",20.4,57.8,16.2,620.0,2590.0
"Nuts, almonds, raw, whole",,51.09,,,
"Nuts, almonds, whole, raw",21.45038,51.09,20.03462,,
"Nuts, brazilnuts, raw",15.03684,57.43,21.64216,,
"Nuts, cashew nuts, raw",17.4423,38.86,36.2887,,
"Nuts, hazelnuts or filberts, raw",13.4938,53.49,26.5012,,
"Nuts, macadamia nuts, raw",7.7857,64.93,24.0943,,
"Nuts, pecans, halves, raw",9.9587,73.28,12.6993,,
"Nuts, pecans, raw, halves",,73.28333333333333,,,
"Nuts, pine nuts, raw",15.7039,61.271,18.5921,,
"Nuts, pistachio nuts, raw",20.5057,45.02,27.6943,,
"Nuts, walnuts, English, halves, raw",14.5644,69.74,10.9096,,
"Nuts, walnuts, English, raw, halves",,69.74,,,
"OATMEAL COOKIES WITH RAISINS, PEPPERIDGE FARM SOFT BAKED",,15.0,,,
"OATMEAL COOKIES WITH RAISINS, STORE/OTHER BRAND",,13.733333333333334,,,
"ONIONS, RED",0.9416666666666668,0.10000000000000002,,,
"ONIONS, WHITE",,0.13,,,
"ONIONS, YELLOW",0.8316666666666667,0.05000000000000001,,,
"ORANGE JUICE, REFRIGERATED, NO PULP, NOT FORTIFIED",,0.35625,,,
"ORANGE JUICE, REFRIGERATED, NO PULP, NOT FORTIFIED, FROM CONCENTRATE",,0.325,,,
"Oat milk, unsweetened, plain, refrigerated",0.796875,2.749,5.100325,,
"Oats, whole grain, rolled, old fashioned",13.49645,5.89,68.65755,,
"Oats, whole grain, steel cut",12.51118,5.8,69.75082,,
"Oil, coconut",0.0,99.1,0.84,833.0,3480.0
"Olives, Green Manzanilla - PA, NJ",,12.6,,,
"Olives, Green Manzanilla, Lindsay - GA, IA",,12.1,,,
"Olives, Green Manzanilla, Lindsay - IN, NC",,12.5,,,
"Olives, Green Manzanilla, Lindsay - KY, NE",,12.6,,,
"Olives, Green Manzanilla, Mario - CA1",,14.5,,,
"Olives, Green Manzanilla, Mario - GA, IN",,14.8,,,
"Olives, Green Manzanilla, Mario - KY, TX",,13.1,,,
"Olives, Green Manzanilla, Mario - NE, NC",,13.4,,,
"Olives, Green Manzanilla, Star - AZ, CA2",,13.0,,,
"Olives, Green Manzanilla, Store Brand - GA, IN",,14.7,,,
"Olives, Green Manzanilla, Store Brand - IA, TX",,12.2,,,
"Olives, Green Manzanilla, Store Brand, Great Value - KY, CA1",,11.1,,,
"Olives, Green Manzanilla, Store Brand, Great Value - NE, NC",,11.5,,,
"Olives, green, Manzanilla, stuffed with pimiento",1.15,12.9,4.96,130.0,543.0
"Onion rings, breaded, par fried, frozen, prepared, heated in oven",4.52,14.4,36.3,288.0,1210.0
"Onions, red, raw",0.94,0.1,9.93,44.0,186.0
"Onions, white, raw",0.89,0.13,7.68,35.0,148.0
"Onions, yellow, raw",0.83,0.05,8.61,38.0,160.0
"Orange juice, no pulp, not fortified, from concentrate, refrigerated",0.734375,0.325,10.340625,,
"Orange juice, no pulp, not fortified, not from concentrate, refrigerated",0.8125,0.3563,10.0124,,
"Oranges, Navel, Pass 2, Region 1, n/a, Yes - Proximates, NFY010743",,0.12,,,
"Oranges, Navel, Pass 2, Region 2, n/a, Yes - Proximates, NFY01074V",,0.31,,,
"Oranges, Navel, Pass 2, Region 3, n/a, Yes - Proximates, NFY01075M",,0.05,,,
"Oranges, Navel, Pass 2, Region 4, n/a, Yes - Proximates, NFY01076C",,0.24,,,
"Oranges, Navel, Raw, Region 1, n/a, Yes, Proximates - NFY0103ZP",,0.07,,,
"Oranges, Navel, Raw, Region 1, n/a, Yes, Proximates - NFY01040J",,0.19,,,
"Oranges, Navel, Raw, Region 2, n/a, Yes, Proximates - NFY01040Q",,0.07,,,
"Oranges, Navel, Raw, Region 2, n/a, Yes, Proximates - NFY01041J",,0.07,,,
"Oranges, Navel, Raw, Region 3, n/a, Yes, Proximates - NFY01041O",,0.17,,,
"Oranges, Navel, Raw, Region 3, n/a, Yes, Proximates - NFY01042H",,0.2,,,
"Oranges, Navel, Raw, Region 4, n/a, Yes, Proximates - NFY01042O",,0.07,,,
"Oranges, Navel, Raw, Region 4, n/a, Yes, Proximates - NFY01043D",,0.07,,,
"Oranges, raw, navels",0.91,0.15,11.8,47.0,196.0
"Oranges, raw, navels (Includes foods for USDA's Food Distribution Program)",0.91,0.15,11.8,47.0,196.0
"Parsnips, raw",1.265625,0.5381222222222222,19.292275,,
"Pawpaw, peeled, seeded, raw",1.151875,,,,
"Peaches, Raw, Pass 2, Region 1, n/a, Yes, Proximates - NFY010BR1",,0.38,,,
"Peaches, Raw, Pass 2, Region 2, n/a, Yes, Proximates - NFY010BRV",,0.51,,,
"Peaches, Raw, Pass 2, Region 3, n/a, Yes, Proximates - NFY010BSN",,0.16,,,
"Peaches, Raw, Pass 2, Region 4, n/a, Yes, Proximates - NFY010BTH",,0.35,,,
"Peaches, raw, Region 1, n/a, Yes - Proximates,  NF00094C; NF000956",,0.22,,,
"Peaches, raw, Region 2, n/a, Yes - Proximates,  NF00095B, NF00095Y",,0.07,,,
"Peaches, raw, Region 3, n/a, Yes - Proximates,",,0.18,,,
"Peaches, raw, Region 4, n/a, Yes - Proximates,  NF0009EH, NF0009F4",,0.28,,,
"Peaches, yellow, raw",0.91,0.27,10.1,42.0,174.0
"Peanut butter, creamy",23.99124,49.43,22.70376,,
"Peanut butter, smooth style, with salt",22.5,51.1,22.3,597.0,2500.0
"Peanuts, raw",23.205,43.28,26.498,,
"Pear, Anjou, green, with skin, raw",0.3125,0.3713,14.7674,,
"Pear, Anjou, green, with skin, seeded, core removed, raw",,0.37124999999999997,,,
"Pears, Bartlett, Pass 2, Regions 1 & 4, n/a, Yes - Proximates, NFY0106W9",,0.13,,,
"Pears, Bartlett, Pass 2, Regions 2 & 3, n/a, Yes - Proximates, NFY0106WZ",,0.11,,,
"Pears, Bartlett, Region 1, n/a, Yes, Proximates - NFY000093",,0.07,,,
"Pears, Bartlett, Region 2, n/a, Yes, Proximates - NFY00009F",,0.2,,,
"Pears, Bartlett, Region 3, n/a, Yes, Proximates - NFY00009Y",,0.3,,,
"Pears, Bartlett, Region 4, n/a, Yes, Proximates - NFY0000AA",,0.15,,,
"Pears, Bosc, Region 1, n/a, Yes, Proximates - NFY0000BP",,0.07,,,
"Pears, Bosc, Region 2, n/a, Yes, Proximates - NFY0000C1",,0.1,,,
"Pears, Bosc, Region 3, n/a, Yes, Proximates - NFY0000CK",,0.2,,,
"Pears, Bosc, Region 4, n/a, Yes, Proximates - NFY0000CW",,0.07,,,
"Pears, Green Anjou, Region 1, n/a, Yes, Proximates - NFY0000H6",,0.11,,,
"Pears, Green Anjou, Region 2, n/a, Yes, Proximates - NFY0000HI",,0.2,,,
"Pears, Green Anjou, Region 3, n/a, Yes, Proximates - NFY0000I1",,0.1,,,
"Pears, Green Anjou, Region 4, n/a, Yes, Proximates - NFY0000ID",,0.07,,,
"Pears, raw, bartlett",0.38,0.16,15.1,57.0,238.0
"Pears, raw, bartlett (Includes foods for USDA's Food Distribution Program)",0.38,0.16,15.1,57.0,238.0
"Peas, green, sweet, canned, sodium added, sugar added, drained and rinsed",4.734375,1.153,12.707625,,
"Peppers, banana or Hungarian wax, seeded, raw",0.723125,0.13142500000000001,4.966175,,
"Peppers, bell, green, raw",0.715,0.1063,4.7781,,
"Peppers, bell, orange, raw",0.881875,0.1556,6.703125,,
"Peppers, bell, red, raw",0.895625,0.1256,6.653175,,
"Peppers, bell, yellow, raw",0.819375,0.1211,6.601725,,
"Peppers, jalapeno, seeded, raw",0.621125,0.14875555555555556,5.075675,,
"Peppers, poblano, seeded, raw",1.425625,0.19062222222222222,5.143175,,
"Peppers, serrano, seeded, raw",0.855625,0.14062222222222223,6.136275,,
"Pickles, cucumber, dill or kosher dill",0.48,0.43,1.99,12.0,50.0
"Pickles, kosher dill",,0.5588888888888889,,,
"Pineapple, raw",0.4609375,0.21125555555555556,14.0914625,,
"Plantains, black, overripe, peeled, raw",,0.9899999999999999,,,
"Plantains, green, unripe, peeled, raw",,0.685,,,
"Plantains, overripe, raw",1.166875,0.99,29.191425,,
"Plantains, ripe, raw",1.15625,0.8933,30.95215,,
"Plantains, underripe, raw",1.229375,0.685,33.587325,,
"Plantains, yellow, ripe, peeled, raw",,0.8933333333333334,,,
"Plum, black, with skin, pitted, raw",,0.28250000000000003,,,
"Plum, black, with skin, raw",0.578125,0.2825,13.455575,,
"Pork, belly, with skin, raw",15.2,35.83,-0.705,,
"Pork, chop, center cut, raw",22.8125,5.475,-0.5625,,
"Pork, cured, bacon, cooked, restaurant",40.9,36.5,2.1,500.0,2090.0
"Pork, ground, raw",17.80625,17.49,0.0,,
"Pork, loin, boneless, raw",21.11875,9.469,0.0,,
"Pork, loin, tenderloin, boneless, raw",21.58125,3.899,0.0,,
"Potatoes, gold, without skin, raw",1.8125,0.2637555555555556,15.9624,,
"Potatoes, red, without skin, raw",2.0625,0.2475,16.27,,
"Potatoes, russet, without skin, raw",2.27375,0.36000000000000004,17.77125,,
"Protein, ash,& moisture, Ground turkey, 93% lean, 7% fat, pan-broiled crumbles (AL1)",26.5,,,,
"Protein, ash,& moisture, Ground turkey, 93% lean, 7% fat, pan-broiled crumbles (CA1)",26.8,,,,
"Protein, ash,& moisture, Ground turkey, 93% lean, 7% fat, pan-broiled crumbles (CA2)",27.8,,,,
"Protein, ash,& moisture, Ground turkey, 93% lean, 7% fat, pan-broiled crumbles (CO1)",29.0,,,,
"Protein, ash,& moisture, Ground turkey, 93% lean, 7% fat, pan-broiled crumbles (CT1)",26.0,,,,
"Protein, ash,& moisture, Ground turkey, 93% lean, 7% fat, pan-broiled crumbles (FL1)",28.5,,,,
"Protein, ash,& moisture, Ground turkey, 93% lean, 7% fat, pan-broiled crumbles (IN1)",27.4,,,,
"Protein, ash,& moisture, Ground turkey, 93% lean, 7% fat, pan-broiled crumbles (MI1)",27.3,,,,
"Protein, ash,& moisture, Ground turkey, 93% lean, 7% fat, pan-broiled crumbles (MO1)",26.9,,,,
"Protein, ash,& moisture, Ground turkey, 93% lean, 7% fat, pan-broiled crumbles (NC1)",25.6,,,,
"Protein, ash,& moisture, Ground turkey, 93% lean, 7% fat, pan-broiled crumbles (NY1)",26.2,,,,
"Protein, ash,& moisture, Ground turkey, 93% lean, 7% fat, patties, broiled (AL1) ",28.0,,,,
"Protein, ash,& moisture, Ground turkey, 93% lean, 7% fat, patties, broiled (AL1,CA1,MI1) ",26.2,,,,
"Protein, ash,& moisture, Ground turkey, 93% lean, 7% fat, patties, broiled (CA1) ",24.9,,,,
"Protein, ash,& moisture, Ground turkey, 93% lean, 7% fat, patties, broiled (CA2) ",27.5,,,,
"Protein, ash,& moisture, Ground turkey, 93% lean, 7% fat, patties, broiled (CA2,NC1) ",26.4,,,,
"Protein, ash,& moisture, Ground turkey, 93% lean, 7% fat, patties, broiled (CO1) ",25.6,,,,
"Protein, ash,& moisture, Ground turkey, 93% lean, 7% fat, patties, broiled (CO1,CT1,IN1) ",25.7,,,,
"Protein, ash,& moisture, Ground turkey, 93% lean, 7% fat, patties, broiled (CT1) ",26.1,,,,
"Protein, ash,& moisture, Ground turkey, 93% lean, 7% fat, patties, broiled (FL1) ",25.9,,,,
"Protein, ash,& moisture, Ground turkey, 93% lean, 7% fat, patties, broiled (FL1,MO1,NY1) ",27.0,,,,
"Protein, ash,& moisture, Ground turkey, 93% lean, 7% fat, patties, broiled (IN1) ",25.4,,,,
"Protein, ash,& moisture, Ground turkey, 93% lean, 7% fat, patties, broiled (MI1) ",28.5,,,,
"Protein, ash,& moisture, Ground turkey, 93% lean, 7% fat, patties, broiled (MO1) ",23.6,,,,
"Protein, ash,& moisture, Ground turkey, 93% lean, 7% fat, patties, broiled (NC1) ",25.3,,,,
"Protein, ash,& moisture, Ground turkey, 93% lean, 7% fat, patties, broiled (NY1) ",23.6,,,,
"Protein, ash,& moisture, Ground turkey, 93% lean, 7% fat, patties, broiled (National) ",26.6,,,,
"Protein, ash,& moisture, Ground turkey, 93% lean, 7% fat, raw (AL1) ",17.8,,,,
"Protein, ash,& moisture, Ground turkey, 93% lean, 7% fat, raw (AL1,CA1,MI1) ",19.2,,,,
"Protein, ash,& moisture, Ground turkey, 93% lean, 7% fat, raw (CA1) ",18.6,,,,
"Protein, ash,& moisture, Ground turkey, 93% lean, 7% fat, raw (CA2) ",19.7,,,,
"Protein, ash,& moisture, Ground turkey, 93% lean, 7% fat, raw (CA2,NC1) ",18.9,,,,
"Protein, ash,& moisture, Ground turkey, 93% lean, 7% fat, raw (CO1) ",20.4,,,,
"Protein, ash,& moisture, Ground turkey, 93% lean, 7% fat, raw (CO1,CT1,IN1) ",18.8,,,,
"Protein, ash,& moisture, Ground turkey, 93% lean, 7% fat, raw (CT1) ",17.4,,,,
"Protein, ash,& moisture, Ground turkey, 93% lean, 7% fat, raw (FL1) ",20.1,,,,
"Protein, ash,& moisture, Ground turkey, 93% lean, 7% fat, raw (FL1,MO1,NY1) ",18.0,,,,
"Protein, ash,& moisture, Ground turkey, 93% lean, 7% fat, raw (IN1) ",18.4,,,,
"Protein, ash,& moisture, Ground turkey, 93% lean, 7% fat, raw (MI1) ",18.5,,,,
"Protein, ash,& moisture, Ground turkey, 93% lean, 7% fat, raw (MO1) ",17.8,,,,
"Protein, ash,& moisture, Ground turkey, 93% lean, 7% fat, raw (NC1) ",18.5,,,,
"Protein, ash,& moisture, Ground turkey, 93% lean, 7% fat, raw (NY1) ",18.8,,,,
"Protein, ash,& moisture, Ground turkey, 93% lean, 7% fat, raw (National) ",18.8,,,,
"Proximates, American cheese, pasteurized process, KRAFT - NFY090HJO",,31.0,,,
"Proximates, American cheese, pasteurized process, KRAFT - NFY090HK2",,30.9,,,
"Proximates, American cheese, pasteurized process, KRAFT - NFY090HKD",,31.2,,,
"Proximates, American cheese, pasteurized process, KRAFT - NFY090HKW",,31.0,,,
"Proximates, American cheese, pasteurized process, KRAFT DELI DELUXE - NFY090HKO",,30.8,,,
"Proximates, American cheese, pasteurized process, KRAFT DELI DELUXE - NFY090HMZ",,30.7,,,
"Proximates, American cheese, pasteurized process, KROGER DELUXE - NFY090HQ4",,29.8,,,
"Proximates, American cheese, pasteurized process, LAND-O-LAKES - NFY090HMG",,31.0,,,
"Proximates, American cheese, pasteurized process, LUCERNE  - NFY090HPQ",,30.1,,,
"Proximates, American cheese, pasteurized process, mixed store brand - NFY090HP4",,30.0,,,
"Proximates, American cheese, pasteurized process, mixed store brand - NFY090HPC",,30.2,,,
"Proximates, American cheese, pasteurized process, mixed store brand - NFY090HPK",,30.6,,,
"Proximates, American cheese, pasteurized process, mixed store brand - NFY090HPY",,30.1,,,
"Proximates, Beef, Boneless Top Loin steak, lean only, raw, animal 1, upperchoice",21.7,10.4,,,
"Proximates, Beef, Boneless Top Loin steak, lean only, raw, animal 12, upperchoice",23.1,9.14,,,
"Proximates, Beef, Boneless Top Loin steak, lean only, raw, animal 13, upperchoice",23.5,6.73,,,
"Proximates, Beef, Boneless Top Loin steak, lean only, raw, animal 14, lowerchoice",23.8,6.9,,,
"Proximates, Beef, Boneless Top Loin steak, lean only, raw, animal 15, lowerchoice",23.7,6.22,,,
"Proximates, Beef, Boneless Top Loin steak, lean only, raw, animal 19, upperchoice",23.0,5.84,,,
"Proximates, Beef, Boneless Top Loin steak, lean only, raw, animal 2, upperchoice",22.2,10.1,,,
"Proximates, Beef, Boneless Top Loin steak, lean only, raw, animal 20, lowerchoice",23.2,6.69,,,
"Proximates, Beef, Boneless Top Loin steak, lean only, raw, animal 21, lowerchoice",23.9,4.4,,,
"Proximates, Beef, Boneless Top Loin steak, lean only, raw, animal 24, upperchoice",22.3,6.15,,,
"Proximates, Beef, Boneless Top Loin steak, lean only, raw, animal 25, upperchoice",21.9,6.49,,,
"Proximates, Beef, Boneless Top Loin steak, lean only, raw, animal 26, lowerchoice",22.9,4.75,,,
"Proximates, Beef, Boneless Top Loin steak, lean only, raw, animal 27, lowerchoice",22.0,7.49,,,
"Proximates, Beef, Boneless Top Loin steak, lean only, raw, animal 3, lowerchoice",22.4,6.99,,,
"Proximates, Beef, Boneless Top Loin steak, lean only, raw, animal 30, upperchoice",23.6,4.97,,,
"Proximates, Beef, Boneless Top Loin steak, lean only, raw, animal 31, upperchoice",22.1,4.22,,,
"Proximates, Beef, Boneless Top Loin steak, lean only, raw, animal 32, upperchoice",22.3,2.33,,,
"Proximates, Beef, Boneless Top Loin steak, lean only, raw, animal 33, lowerchoice",22.7,4.19,,,
"Proximates, Beef, Boneless Top Loin steak, lean only, raw, animal 34, lowerchoice",22.6,4.63,,,
"Proximates, Beef, Boneless Top Loin steak, lean only, raw, animal 4, lowerchoice",22.4,7.41,,,
"Proximates, Beef, Boneless Top Loin steak, lean only, raw, animal 6, upperchoice",23.5,6.32,,,
"Proximates, Beef, Boneless Top Loin steak, lean only, raw, animal 7, upperchoice",22.7,7.33,,,
"Proximates, Beef, Boneless Top Loin steak, lean only, raw, animal 8, lowerchoice",23.4,5.42,,,
"Proximates, Beef, Boneless Top Loin steak, lean only, raw, animal 9, lowerchoice",23.3,8.25,,,
"Proximates, Beef, Eye of Round roast/steak, lean only, raw, animal 10, select",23.9,1.91,,,
"Proximates, Beef, Eye of Round roast/steak, lean only, raw, animal 11, select",23.5,2.81,,,
"Proximates, Beef, Eye of Round roast/steak, lean only, raw, animal 16, select",23.8,2.07,,,
"Proximates, Beef, Eye of Round roast/steak, lean only, raw, animal 17, select",23.8,3.3,,,
"Proximates, Beef, Eye of Round roast/steak, lean only, raw, animal 18, select",24.0,2.24,,,
"Proximates, Beef, Eye of Round roast/steak, lean only, raw, animal 22, select",23.9,3.01,,,
"Proximates, Beef, Eye of Round roast/steak, lean only, raw, animal 23, select",23.3,3.45,,,
"Proximates, Beef, Eye of Round roast/steak, lean only, raw, animal 28, select",22.9,1.98,,,
"Proximates, Beef, Eye of Round roast/steak, lean only, raw, animal 29, select",23.3,2.27,,,
"Proximates, Beef, Eye of Round roast/steak, lean only, raw, animal 35, select",22.7,1.47,,,
"Proximates, Beef, Eye of Round roast/steak, lean only, raw, animal 36, select",22.6,1.74,,,
"Proximates, Beef, Eye of Round roast/steak, lean only, raw, animal 5, select",23.4,3.46,,,
"Proximates, Beef, Porterhouse Steak, lean only, raw, animal 10, select",23.5,4.86,,,
"Proximates, Beef, Porterhouse Steak, lean only, raw, animal 11, select",22.9,5.43,,,
"Proximates, Beef, Porterhouse Steak, lean only, raw, animal 16, select",23.5,4.06,,,
"Proximates, Beef, Porterhouse Steak, lean only, raw, animal 17, select",23.1,6.91,,,
"Proximates, Beef, Porterhouse Steak, lean only, raw, animal 18, select",23.8,3.83,,,
"Proximates, Beef, Porterhouse Steak, lean only, raw, animal 22, select",23.6,6.41,,,
"Proximates, Beef, Porterhouse Steak, lean only, raw, animal 23, select",22.4,5.88,,,
"Proximates, Beef, Porterhouse Steak, lean only, raw, animal 28, select",22.4,4.09,,,
"Proximates, Beef, Porterhouse Steak, lean only, raw, animal 29, select",22.3,4.63,,,
"Proximates, Beef, Porterhouse Steak, lean only, raw, animal 35, select",22.0,4.11,,,
"Proximates, Beef, Porterhouse Steak, lean only, raw, animal 36, select",21.0,7.02,,,
"Proximates, Beef, Porterhouse Steak, lean only, raw, animal 5, select",21.5,6.56,,,
"Proximates, Beef, T-Bone Steak, lean only, cooked, animal 1, upperchoice",25.4,14.0,,,
"Proximates, Beef, T-Bone Steak, lean only, cooked, animal 12, upperchoice",27.9,11.3,,,
"Proximates, Beef, T-Bone Steak, lean only, cooked, animal 13, upperchoice",28.2,11.0,,,
"Proximates, Beef, T-Bone Steak, lean only, cooked, animal 14, lowerchoice",27.9,8.79,,,
"Proximates, Beef, T-Bone Steak, lean only, cooked, animal 15, lowerchoice",30.4,8.45,,,
"Proximates, Beef, T-Bone Steak, lean only, cooked, animal 19, upperchoice",26.3,14.0,,,
"Proximates, Beef, T-Bone Steak, lean only, cooked, animal 2, upperchoice",24.6,12.4,,,
"Proximates, Beef, T-Bone Steak, lean only, cooked, animal 20, lowerchoice",26.7,10.8,,,
"Proximates, Beef, T-Bone Steak, lean only, cooked, animal 21, lowerchoice",28.0,11.0,,,
"Proximates, Beef, T-Bone Steak, lean only, cooked, animal 24, upperchoice",27.7,12.9,,,
"Proximates, Beef, T-Bone Steak, lean only, cooked, animal 25, upperchoice",28.3,10.2,,,
"Proximates, Beef, T-Bone Steak, lean only, cooked, animal 26, lowerchoice",29.9,7.83,,,
"Proximates, Beef, T-Bone Steak, lean only, cooked, animal 27, lowerchoice",26.3,12.9,,,
"Proximates, Beef, T-Bone Steak, lean only, cooked, animal 3, lowerchoice",26.4,12.8,,,
"Proximates, Beef, T-Bone Steak, lean only, cooked, animal 30, upperchoice",27.0,15.0,,,
"Proximates, Beef, T-Bone Steak, lean only, cooked, animal 31, upperchoice",27.0,12.8,,,
"Proximates, Beef, T-Bone Steak, lean only, cooked, animal 32, upperchoice",25.4,14.3,,,
"Proximates, Beef, T-Bone Steak, lean only, cooked, animal 33, lowerchoice",27.9,11.1,,,
"Proximates, Beef, T-Bone Steak, lean only, cooked, animal 34, lowerchoice",26.0,11.4,,,
"Proximates, Beef, T-Bone Steak, lean only, cooked, animal 4, lowerchoice",25.8,15.5,,,
"Proximates, Beef, T-Bone Steak, lean only, cooked, animal 6, upperchoice",28.0,10.8,,,
"Proximates, Beef, T-Bone Steak, lean only, cooked, animal 7, upperchoice",27.9,8.75,,,
"Proximates, Beef, T-Bone Steak, lean only, cooked, animal 8, lowerchoice",28.5,7.44,,,
"Proximates, Beef, T-Bone Steak, lean only, cooked, animal 9, lowerchoice",28.6,7.68,,,
"Proximates, Beef, Tenderloin Roast, lean only, cooked, animal 10, select",29.1,5.15,,,
"Proximates, Beef, Tenderloin Roast, lean only, cooked, animal 11, select",28.8,5.09,,,
"Proximates, Beef, Tenderloin Roast, lean only, cooked, animal 16, select",29.1,4.22,,,
"Proximates, Beef, Tenderloin Roast, lean only, cooked, animal 17, select",26.5,10.7,,,
"Proximates, Beef, Tenderloin Roast, lean only, cooked, animal 18, select",28.9,5.1,,,
"Proximates, Beef, Tenderloin Roast, lean only, cooked, animal 22, select",27.8,5.64,,,
"Proximates, Beef, Tenderloin Roast, lean only, cooked, animal 23, select",27.0,8.53,,,
"Proximates, Beef, Tenderloin Roast, lean only, cooked, animal 28, select",27.8,3.85,,,
"Proximates, Beef, Tenderloin Roast, lean only, cooked, animal 29, select",27.8,7.98,,,
"Proximates, Beef, Tenderloin Roast, lean only, cooked, animal 35, select",26.5,6.29,,,
"Proximates, Beef, Tenderloin Roast, lean only, cooked, animal 36, select",26.9,4.26,,,
"Proximates, Beef, Tenderloin Roast, lean only, cooked, animal 5, select",25.6,9.54,,,
"Proximates, Beef, Top Round roast/steak, lean only, raw, animal 10, select",24.9,2.35,,,
"Proximates, Beef, Top Round roast/steak, lean only, raw, animal 11, select",23.8,2.57,,,
"Proximates, Beef, Top Round roast/steak, lean only, raw, animal 16, select",24.2,1.99,,,
"Proximates, Beef, Top Round roast/steak, lean only, raw, animal 17, select",23.8,3.5,,,
"Proximates, Beef, Top Round roast/steak, lean only, raw, animal 18, select",24.9,2.43,,,
"Proximates, Beef, Top Round roast/steak, lean only, raw, animal 22, select",23.6,2.77,,,
"Proximates, Beef, Top Round roast/steak, lean only, raw, animal 23, select",23.2,4.23,,,
"Proximates, Beef, Top Round roast/steak, lean only, raw, animal 28, select",22.7,1.16,,,
"Proximates, Beef, Top Round roast/steak, lean only, raw, animal 29, select",23.9,1.31,,,
"Proximates, Beef, Top Round roast/steak, lean only, raw, animal 35, select",22.8,0.53,,,
"Proximates, Beef, Top Round roast/steak, lean only, raw, animal 36, select",22.2,3.27,,,
"Proximates, Beef, Top Round roast/steak, lean only, raw, animal 5, select",23.8,2.77,,,
"Proximates, Cheddar cheese, sliced, CRACKER BARREL (AL,CT) - NFY120DAM",,36.6,,,
"Proximates, Cheddar cheese, sliced, CRACKER BARREL (FL,MO) - NFY120DAX",,37.6,,,
"Proximates, Cheddar cheese, sliced, CRACKER BARREL (MI) - NFY120DBE",,36.0,,,
"Proximates, Cheddar cheese, sliced, CRACKER BARREL (NY,NC) - NFY120DA7",,35.9,,,
"Proximates, Cheddar cheese, sliced, SARGENTO NATURAL SHARP CHEDDAR DELI STYLE (CA2,IN) - NFY120DCK",,33.7,,,
"Proximates, Cheddar cheese, sliced, SARGENTO SHARP  (AL,CA1) - NFY120DC8",,33.7,,,
"Proximates, Cheddar cheese, sliced, SARGENTO SHARP  (CT,MI) - NFY120DCZ",,33.3,,,
"Proximates, Cheddar cheese, sliced, SARGENTO SHARP  (NY) - NFY120DBP",,33.6,,,
"Proximates, Cheddar cheese, sliced, TILLAMOOK (CA2,IN) - NFY120D9U",,37.3,,,
"Proximates, Cheddar cheese, sliced, TILLAMOOK (CO,CA1) - NFY120D9B",,36.2,,,
"Proximates, Cheddar cheese, sliced, store brand, CRYSTAL FARMS & SHULLSBURG WISCONSIN (MO,NY) - NFY120DE3",,33.4,,,
"Proximates, Cheddar cheese, sliced, store brand, FOOD LION (NC) - NFY120DFY",,33.3,,,
"Proximates, Cheddar cheese, sliced, store brand, GREAT VALUE DELI STYLE SLICED SHARP  (AL,OK) - NFY120DEK",,33.5,,,
"Proximates, Cheddar cheese, sliced, store brand, HYVEE CRACKER CUTS & PUBLIX (FL,MO) - NFY120DFJ",,32.9,,,
"Proximates, Cheddar cheese, sliced, store brand, LUCERNE SLICED SHARP CHEDDAR NATURAL CHEESE (CO,CA1) - NFY120DDQ",,32.8,,,
"Proximates, Cheddar cheese, sliced, store brand, PUBLIX & SHOPRITE (CT,FL) - NFY120DF9",,32.9,,,
"Proximates, Cheddar cheese, sliced, store brand, SUNNYSIDE FARMS DELI STYLE SLICED MEDIUM (CA2) - NFY120DEV",,34.9,,,
"Proximates, Cheddar cheese, sliced, storebrand, KROGER (IN,MI) - NFY120DDA",,34.6,,,
"Proximates, Cheese, cheddar, mild, block/chunk KRAFT (IN,GA,TX) - NFY120WXC",,34.9,,,
"Proximates, Cheese, cheddar, mild, block/chunk KRAFT (KY,NE,NC) - NFY120WWQ",,33.0,,,
"Proximates, Cheese, cheddar, mild, block/chunk KRAFT (PA,CA1,VA) - NFY120WW9",,33.1,,,
"Proximates, Cheese, cheddar, mild, block/chunk, store brand, FOOD CLUB  (AZ,IN,GA) - NFY120WYY",,34.8,,,
"Proximates, Cheese, cheddar, mild, block/chunk, store brand, GREAT VALUE (CA1,KY,NE) - NFY120WY5",,33.5,,,
"Proximates, Cheese, cheddar, mild, block/chunk, store brand, SHOPRITE   (NC,NJ,TX) - NFY120WXO",,33.6,,,
"Proximates, Cheese, cheddar, natural shredded mild, KRAFT (IN,GA) - NFY120WQB",,32.5,,,
"Proximates, Cheese, cheddar, natural shredded mild, KRAFT (KY,NE,NC) - NFY120WPK",,32.7,,,
"Proximates, Cheese, cheddar, natural shredded mild, KRAFT (PA,IA) - NFY120WP9",,33.6,,,
"Proximates, Cheese, cheddar, natural shredded mild, store brand, ESSENTIAL EVERYDAY  (GA,IA,PA) - NFY120WQT",,33.7,,,
"Proximates, Cheese, cheddar, natural shredded mild, store brand, WEGMANS (AZ,IN,NJ,NC) - NFY120WRT",,32.1,,,
"Proximates, Cheese, cheddar, natural shredded mild, store brand, sKROGER (CA2,TX) - NFY120WSD",,32.8,,,
"Proximates, Cheese, cheddar, natural shredded sharp, KRAFT (AZ,IN,GA) - NFY120WTS",,34.1,,,
"Proximates, Cheese, cheddar, natural shredded sharp, KRAFT (KY,NE,NC) - NFY120WT5",,35.1,,,
"Proximates, Cheese, cheddar, natural shredded sharp, KRAFT (PA,CA1,IA,TX) - NFY120WSU",,34.6,,,
"Proximates, Cheese, cheddar, natural shredded sharp, store brand, GREAT VALUE (CA1,NE) - NFY120WVQ",,33.1,,,
"Proximates, Cheese, cheddar, natural shredded sharp, store brand, MY ESSENTIALS (AZ,GA,NC,PA) - NFY120WV6",,32.7,,,
"Proximates, Cheese, cheddar, natural shredded sharp, store brand, SHOP RITE (IA,IN,NJ) - NFY120WUA",,33.9,,,
"Proximates, Cheese, cheddar, natural shredded sharp, store brand, sKROGER (CA2,KY,TX) - NFY120WUL",,32.9,,,
"Proximates, Cheese, cheddar, sharp, block/chunk CABOT, SERIOUSLY SHARP (GA,NJ) - NFY120X0Y",,34.0,,,
"Proximates, Cheese, cheddar, sharp, block/chunk KRAFT (IN,GA) - NFY120X0A",,34.1,,,
"Proximates, Cheese, cheddar, sharp, block/chunk KRAFT (KY,NE) - NFY120WZS",,34.7,,,
"Proximates, Cheese, cheddar, sharp, block/chunk KRAFT (PA,CA1,IA) - NFY120WZD",,35.0,,,
"Proximates, Cheese, cheddar, sharp, block/chunk, store brand, ESSENTIAL EVERYDAY (NC,PA) - NFY120X2Q",,34.2,,,
"Proximates, Cheese, cheddar, sharp, block/chunk, store brand, GREAT VALUE (CA1,KY,NE) - NFY120X2C",,33.6,,,
"Proximates, Cheese, cheddar, sharp, block/chunk, store brand, sKROGER (CA2,TX) - NFY120X35",,33.1,,,
"Proximates, Cheese, dry white, Queso seco, EL MEXICANO BRAND (CA-AL) - NFY09007Z",,23.6,,,
"Proximates, Cheese, dry white, Queso seco, mixed composite (CA-LA, CA-SD) - NFY0900B6",,23.8,,,
"Proximates, Cheese, dry white, Queso seco, mixed composite (FL, CA-SB) - NFY090099",,23.6,,,
"Proximates, Cheese, dry white, Queso seco, mixed composite (MD, NM) - NFY09009W",,24.0,,,
"Proximates, Cheese, dry white, Queso seco, mixed composite (NY, TX-TR) - NFY09008M",,26.3,,,
"Proximates, Cheese, dry white, Queso seco, mixed composite (TX-HA, NV) - NFY0900AJ",,24.8,,,
"Proximates, Cheese, string (low-moisture, part-skim mozzarella), BORDEN (CA1,NE,PA) - NFY120XAN",,20.8,,,
"Proximates, Cheese, string (low-moisture, part-skim mozzarella), FRIGO (AZ,VA) - NFY120X8K",,20.3,,,
"Proximates, Cheese, string (low-moisture, part-skim mozzarella), FRIGO (GA,NJ) - NFY120X99",,20.5,,,
"Proximates, Cheese, string (low-moisture, part-skim mozzarella), FRIGO (IA,TX) - NFY120X8Z",,20.2,,,
"Proximates, Cheese, string (low-moisture, part-skim mozzarella), FRIGO (KY,CA2) - NFY120X7S",,20.4,,,
"Proximates, Cheese, string (low-moisture, part-skim mozzarella), FRIGO (NE,NC) - NFY120X8B",,19.7,,,
"Proximates, Cheese, string (low-moisture, part-skim mozzarella), FRIGO (PA,CA1) - NFY120X7K",,20.0,,,
"Proximates, Cheese, string (low-moisture, part-skim mozzarella), KRAFT (CA1) - NFY120X3I",,19.8,,,
"Proximates, Cheese, string (low-moisture, part-skim mozzarella), KRAFT (IA) - NFY120X52",,20.3,,,
"Proximates, Cheese, string (low-moisture, part-skim mozzarella), KRAFT (IN,TX) - NFY120X4K",,19.7,,,
"Proximates, Cheese, string (low-moisture, part-skim mozzarella), KRAFT (NE) - NFY120X42",,20.5,,,
"Proximates, Cheese, string (low-moisture, part-skim mozzarella), SARGENTO (AZ,IN) - NFY120X6F",,21.0,,,
"Proximates, Cheese, string (low-moisture, part-skim mozzarella), SARGENTO (GA,NJ) - NFY120X75",,20.4,,,
"Proximates, Cheese, string (low-moisture, part-skim mozzarella), SARGENTO (IA,TX) - NFY120X6R",,20.9,,,
"Proximates, Cheese, string (low-moisture, part-skim mozzarella), SARGENTO (KY,CA2) - NFY120X5N",,21.8,,,
"Proximates, Cheese, string (low-moisture, part-skim mozzarella), SARGENTO (NE,NC) - NFY120X61",,21.6,,,
"Proximates, Cheese, string (low-moisture, part-skim mozzarella), SARGENTO (PA,CA1) - NFY120X5C",,21.4,,,
"Proximates, Cheese, string (low-moisture, part-skim mozzarella), store brand, FOOD CLUB (AZ,IN,NJ) - NFY120XB6",,21.5,,,
"Proximates, Cheese, string (low-moisture, part-skim mozzarella), store brand, MY ESSENTIALS (CA2,NC) - NFY120XAA",,19.1,,,
"Proximates, Cheese, string (low-moisture, part-skim mozzarella), store brand, sKROGER (KY,TX) - NFY120X9W",,19.0,,,
"Proximates, Cheese, swiss, slices (AL, CA1) - 18c-16-02-Prox",,30.9,,,
"Proximates, Cheese, swiss, slices (AL, CA1) - 18c-17-02-Prox",,30.3,,,
"Proximates, Cheese, swiss, slices (CA2, CO) - 18c-17-03-Prox",,32.2,,,
"Proximates, Cheese, swiss, slices (CA2, NC) - 18c-16-03-Prox",,31.3,,,
"Proximates, Cheese, swiss, slices (CO, CT) - 18c-16-05-Prox",,31.3,,,
"Proximates, Cheese, swiss, slices (CT, OK) - 18c-17-04-Prox",,32.1,,,
"Proximates, Cheese, swiss, slices (FL) - 18c-16-04-Prox",,31.0,,,
"Proximates, Cheese, swiss, slices (FL, MO) - 18c-17-05-Prox",,32.0,,,
"Proximates, Cheese, swiss, slices (IN, MI) - 18c-17-01-Prox",,29.9,,,
"Proximates, Cheese, swiss, slices (IN, NY) - 18c-16-01-Prox",,30.5,,,
"Proximates, Cheese, swiss, slices (MI, OK) - 18c-16-06-Prox",,31.4,,,
"Proximates, Cheese, swiss, slices (NY, NC) - 18c-17-06-Prox",,30.7,,,
"Proximates, Chicken breasts, boneless, skinless, non-enhanced, braised (AL,CA1) - 17A-02-02-Prox",,2.88,,,
"Proximates, Chicken breasts, boneless, skinless, non-enhanced, braised (CA2,NC) - 17A-02-03-Prox",,3.35,,,
"Proximates, Chicken breasts, boneless, skinless, non-enhanced, braised (CO,CT) - 17A-02-04-Prox",,3.91,,,
"Proximates, Chicken breasts, boneless, skinless, non-enhanced, braised (FL,MO) - 17A-02-05-Prox",,3.17,,,
"Proximates, Chicken breasts, boneless, skinless, non-enhanced, braised (IN,NY) - 17A-02-01-Prox",,3.99,,,
"Proximates, Chicken breasts, boneless, skinless, non-enhanced, braised (MI,OK) - 17A-02-06-Prox",,2.17,,,
"Proximates, Chicken, skin, braised, from drumsticks and thighs, enhanced (OK1,MI1) - 14B-03-06-prox",,38.9,,,
"Proximates, Chicken, skin, braised, from drumsticks and thighs, non-enhanced (CO1,CT1,IN1) - 14B-03-03-prox",,36.1,,,
"Proximates, Chicken, skin, raw, from drumsticks and thighs, enhanced (OK1,MI1) - 14B-01-06-prox",,42.7,,,
"Proximates, Chinese Restaurant, Fried Rice (No Meat) (AL) - NFY1209PT",,3.84,,,
"Proximates, Chinese Restaurant, Fried Rice (No Meat) (CA1) - NFY1209Q0",,6.44,,,
"Proximates, Chinese Restaurant, Fried Rice (No Meat) (CA2) - NFY1209Q7",,2.38,,,
"Proximates, Chinese Restaurant, Fried Rice (No Meat) (CO) - NFY1209QL",,4.23,,,
"Proximates, Chinese Restaurant, Fried Rice (No Meat) (CT) - NFY1209QS",,1.97,,,
"Proximates, Chinese Restaurant, Fried Rice (No Meat) (FL) - NFY1209QZ",,2.49,,,
"Proximates, Chinese Restaurant, Fried Rice (No Meat) (IN) - NFY120A4R",,3.05,,,
"Proximates, Chinese Restaurant, Fried Rice (No Meat) (MI) - NFY1209RD",,4.27,,,
"Proximates, Chinese Restaurant, Fried Rice (No Meat) (MO) - NFY1209R6",,2.85,,,
"Proximates, Chinese Restaurant, Fried Rice (No Meat) (NC) - NFY1209QE",,1.34,,,
"Proximates, Chinese Restaurant, Fried Rice (No Meat) (NY) - NFY1209PM",,2.16,,,
"Proximates, Chinese Restaurant, Fried Rice (No Meat) (OK) - NFY1209RK",,3.24,,,
"Proximates, Cottage cheese, 2% milkfat, BREAKSTONE (AL,IN) - NFY120BNL",,2.2,,,
"Proximates, Cottage cheese, 2% milkfat, BREAKSTONE (CT,NC) - NFY120BN6",,1.87,,,
"Proximates, Cottage cheese, 2% milkfat, BREAKSTONE (FL) - NFY120BNW",,2.2,,,
"Proximates, Cottage cheese, 2% milkfat, BREAKSTONE (MI,OK) - NFY120BOD",,2.08,,,
"Proximates, Cottage cheese, 2% milkfat, DAISY (CA1,CO) - NFY120BMU",,2.27,,,
"Proximates, Cottage cheese, 2% milkfat, DAISY (FL,IN) - NFY120BRK",,2.31,,,
"Proximates, Cottage cheese, 2% milkfat, DAISY (MI,NY) - NFY120BQ9",,2.23,,,
"Proximates, Cottage cheese, 2% milkfat, DAISY (MO,CT) - NFY120BPL",,2.07,,,
"Proximates, Cottage cheese, 2% milkfat, KNUDSEN (CA1,CA2) - NFY120BP5",,2.4,,,
"Proximates, Cottage cheese, 2% milkfat, store brand/other brand, FRIENDSHIP & HORIZON ORGANIC (FL,IN) - NFY120BPV",,2.11,,,
"Proximates, Cottage cheese, 2% milkfat, store brand/other brand, FRIENDSHIP ALL NATURAL & HYVEE (MO,NY) - NFY120BQK",,2.26,,,
"Proximates, Cottage cheese, 2% milkfat, store brand/other brand, HY VEE & DAISY (CA2,MO) - NFY120BMD",,2.5,,,
"Proximates, Cottage cheese, 2% milkfat, store brand/other brand, KING SOOPERS & KRAFT (CO,CT) - NFY120BR7",,2.19,,,
"Proximates, Cottage cheese, 2% milkfat, store brand/other brand, KRAFT SIMPLY & MEADOW GOLD VIVA (AL,CO) - NFY120BOP",,2.55,,,
"Proximates, Cottage cheese, 2% milkfat, store brand/other brand, KROGER & SAFEWAY (CA1,MI) - NFY120BQX",,2.72,,,
"Proximates, Cottage cheese, 2% milkfat, store brand/other brand, SUNNYSIDE FARMS & DAISY (CA2,NC) - NFY120BS1",,2.64,,,
"Proximates, Greek yogurt, CHOBANI PLAIN NON-FAT (AL1,CA1) - NFY09110F",,0.31,,,
"Proximates, Greek yogurt, CHOBANI PLAIN NON-FAT (CA2,NC1) - NFY09110R",,0.45,,,
"Proximates, Greek yogurt, CHOBANI PLAIN NON-FAT (CO1,CT1) - NFY091116",,0.26,,,
"Proximates, Greek yogurt, CHOBANI PLAIN NON-FAT (FL1,MO1) - NFY09111G",,0.42,,,
"Proximates, Greek yogurt, CHOBANI PLAIN NON-FAT (MI1,OK1) - NFY09111Y",,0.43,,,
"Proximates, Greek yogurt, CHOBANI PLAIN NON-FAT (NY1) - NFY0910ZX",,0.61,,,
"Proximates, Greek yogurt, DANNON OIKOS PLAIN NON-FAT (AL1,CA1) - NFY091150",,0.23,,,
"Proximates, Greek yogurt, DANNON OIKOS PLAIN NON-FAT (CA2,NC1) - NFY09115C",,0.52,,,
"Proximates, Greek yogurt, DANNON OIKOS PLAIN NON-FAT (CO1,CT1) - NFY09115R",,0.3,,,
"Proximates, Greek yogurt, DANNON OIKOS PLAIN NON-FAT (FL1,MO1) - NFY09116J",,0.31,,,
"Proximates, Greek yogurt, DANNON OIKOS PLAIN NON-FAT (IN1,NY1) - NFY09114L",,0.55,,,
"Proximates, Greek yogurt, DANNON OIKOS PLAIN NON-FAT (MI1) - NFY091161",,0.36,,,
"Proximates, Greek yogurt, FAGE PLAIN NONFAT (AL1,CA1) - NFY09112Q",,0.38,,,
"Proximates, Greek yogurt, FAGE PLAIN NONFAT (CA2,NC1) - NFY091149",,0.33,,,
"Proximates, Greek yogurt, FAGE PLAIN NONFAT (CO1,CT1) - NFY09113G",,0.3,,,
"Proximates, Greek yogurt, FAGE PLAIN NONFAT (FL1) - NFY09113Q",,0.41,,,
"Proximates, Greek yogurt, FAGE PLAIN NONFAT (IN1,NY1) - NFY09112A",,0.24,,,
"Proximates, Greek yogurt, FAGE PLAIN NONFAT (OK1) - NFY091131",,0.31,,,
"Proximates, Haddock, raw (AL) - NFY060COQ",,0.46,,,
"Proximates, Haddock, raw (CO) - NFY060CM8",,0.44,,,
"Proximates, Haddock, raw (CT) - NFY060CMN",,0.46,,,
"Proximates, Haddock, raw (FL) - NFY060CNH",,0.47,,,
"Proximates, Haddock, raw (IN) - NFY060CN2",,0.51,,,
"Proximates, Haddock, raw (MI) - NFY060CPK",,0.38,,,
"Proximates, Haddock, raw (NC) - NFY060CLE",,0.33,,,
"Proximates, Haddock, raw (NY) - NFY060COB",,0.55,,,
"Proximates, Mozzarella cheese, low-moisture, part-skim, KRAFT (CA1) - NFY120DIE",,21.5,,,
"Proximates, Mozzarella cheese, low-moisture, part-skim, KRAFT (CA2,NC) - NFY120DJA",,21.4,,,
"Proximates, Mozzarella cheese, low-moisture, part-skim, KRAFT (FL,MO) - NFY120DJP",,20.2,,,
"Proximates, Mozzarella cheese, low-moisture, part-skim, KRAFT (IN,NY) - NFY120DIX",,21.1,,,
"Proximates, Mozzarella cheese, low-moisture, part-skim, KRAFT (MI,OK) - NFY120DKG",,20.5,,,
"Proximates, Mozzarella cheese, low-moisture, part-skim, SARGENTO (AL,CA1) - NFY120DGJ",,21.6,,,
"Proximates, Mozzarella cheese, low-moisture, part-skim, SARGENTO (CA2,NC) - NFY120DGV",,20.3,,,
"Proximates, Mozzarella cheese, low-moisture, part-skim, SARGENTO (CO,CT) - NFY120DHA",,20.6,,,
"Proximates, Mozzarella cheese, low-moisture, part-skim, SARGENTO (FL,MO) - NFY120DI3",,20.7,,,
"Proximates, Mozzarella cheese, low-moisture, part-skim, SARGENTO (IN,NY) - NFY120E88",,19.8,,,
"Proximates, Mozzarella cheese, low-moisture, part-skim, SARGENTO (MI) - NFY120DHM",,20.9,,,
"Proximates, Mozzarella cheese, low-moisture, part-skim, store brand, AMERICAS CHOICE (NY) - NFY120DKR",,17.8,,,
"Proximates, Mozzarella cheese, low-moisture, part-skim, store brand, GREAT VALUE & SHOP RITE (AL,CT) - NFY120DLY",,19.4,,,
"Proximates, Mozzarella cheese, low-moisture, part-skim, store brand, HYVEE & PUBLIX (FL,MO) - NFY120DM8",,19.1,,,
"Proximates, Mozzarella cheese, low-moisture, part-skim, store brand, KROGER (MI,IN) - NFY120DMN",,20.0,,,
"Proximates, Mozzarella cheese, low-moisture, part-skim, store brand, LUCERNE (CA1,CO) - NFY120DL8",,21.1,,,
"Proximates, Mozzarella cheese, low-moisture, part-skim, store brand, MY ESSENTIALS & SUNNYSIDE FARMS (CA2,NC) - NFY120DLK",,20.5,,,
"Proximates, Mozzarella cheese, low-moisture, part-skim, store brand/other brand, CRYSTAL FARMS & KROGER (CO,CT) - NFY120DJZ",,19.2,,,
"Proximates, Mustard, yellow, FRENCHS CLASSIC (AL,CA1) - NFY120HYM",,3.38,,,
"Proximates, Mustard, yellow, FRENCHS CLASSIC (CA2,NC) - NFY120HZ4",,3.57,,,
"Proximates, Mustard, yellow, FRENCHS CLASSIC (CO,CT) - NFY120HZG",,2.67,,,
"Proximates, Mustard, yellow, FRENCHS CLASSIC (FL,MO) - NFY120HZT",,3.7,,,
"Proximates, Mustard, yellow, FRENCHS CLASSIC (IN,NY) - NFY120HY9",,3.24,,,
"Proximates, Mustard, yellow, FRENCHS CLASSIC (MI,OK) - NFY120I04",,3.58,,,
"Proximates, Mustard, yellow, store brand, AMERICAS CHOICE YELLOW MUSTARD & SHOP RITE YELLOW MUSTARD (NY,CT1) - NFY120I0M",,3.22,,,
"Proximates, Mustard, yellow, store brand, GREAT VALUE & GREAT VALUE (AL1,OK1) - NFY120I0W",,2.8,,,
"Proximates, Mustard, yellow, store brand, HY VEE YELLOW MUSTARD & PUBLIX YELLOW MUSTARD (MO1,FL) - NFY120I1X",,3.16,,,
"Proximates, Mustard, yellow, store brand, KROGER & KROGER (IN1,MI1) - NFY120I26",,3.25,,,
"Proximates, Mustard, yellow, store brand, MY ESSENTIALS YELLOW MUSTARD & SUNNY SELECT YELLOW MUSTARD (NC1,CA2) - NFY120I1D",,2.91,,,
"Proximates, Mustard, yellow, store brand, SAFEWAY & SAFEWAY (CA1,CO1) - NFY120I1M",,3.11,,,
"Proximates, Oil, coconut, BETTER BODY ORGANIC (CA2) - NFY120PDG",,99.0,,,
"Proximates, Oil, coconut, LOU ANA (CO,CT) - NFY120PD6",,98.9,,,
"Proximates, Oil, coconut, LOU ANA (FL,MO) - NFY120PE1",,98.6,,,
"Proximates, Oil, coconut, LOU ANA (IN,AL) - NFY120PDT",,99.2,,,
"Proximates, Oil, coconut, LOU ANA (MI,OK) - NFY120PE9",,99.4,,,
"Proximates, Oil, coconut, LOU ANA (NC) - NFY120PDN",,99.2,,,
"Proximates, Onion rings, frozen, ALEXIA (AL,OK) - NFY12066P",,15.4,,,
"Proximates, Onion rings, frozen, ALEXIA (CA2,NC) - NFY120675",,15.0,,,
"Proximates, Onion rings, frozen, ALEXIA (CO,CT) - NFY12067K",,14.8,,,
"Proximates, Onion rings, frozen, ALEXIA (FL,MO) - NFY12068D",,15.8,,,
"Proximates, Onion rings, frozen, ALEXIA (IN,NY) - NFY12066A",,15.8,,,
"Proximates, Onion rings, frozen, ORE-IDA (CA1,CT) - NFY120696",,12.6,,,
"Proximates, Onion rings, frozen, ORE-IDA (CA2,NC) - NFY12069K",,12.8,,,
"Proximates, Onion rings, frozen, ORE-IDA (FL,MO) - NFY1206AE",,12.6,,,
"Proximates, Onion rings, frozen, ORE-IDA (NY,OK) - NFY1206AS",,13.7,,,
"Proximates, Onion rings, frozen, Store brand/other (AL,MI) - NFY12068R",,15.7,,,
"Proximates, Onion rings, frozen, Store brand/other (CO,IN) - NFY12069Z",,13.9,,,
"Proximates, Parmesan cheese, grated, KRAFT 100% (AL,CA1) - NFY120DR5",,28.8,,,
"Proximates, Parmesan cheese, grated, KRAFT 100% (CA2,NC) - NFY120DRC",,30.4,,,
"Proximates, Parmesan cheese, grated, KRAFT 100% (CO,CT) - NFY120DRR",,29.6,,,
"Proximates, Parmesan cheese, grated, KRAFT 100% (FL,MO) - NFY120DS3",,28.7,,,
"Proximates, Parmesan cheese, grated, KRAFT 100% (IN,NY) - NFY120DQH",,28.7,,,
"Proximates, Parmesan cheese, grated, KRAFT 100% (MI,OK) - NFY120DSK",,27.9,,,
"Proximates, Parmesan cheese, grated, store brand/other brand, FLORA & HYVEE (FL,MO) - NFY120DUE",,28.4,,,
"Proximates, Parmesan cheese, grated, store brand/other brand, GREAT VALUE (AL,OK) - NFY120DTF",,26.0,,,
"Proximates, Parmesan cheese, grated, store brand/other brand, KROGER (MI,IN) - NFY120DUT",,35.2,,,
"Proximates, Parmesan cheese, grated, store brand/other brand, MY ESSENTIALS & SUNNYSIDE FARMS (CA2,NC) - NFY120DTQ",,26.6,,,
"Proximates, Parmesan cheese, grated, store brand/other brand, PRICE CHOPPER (CT) - NFY120DSY",,23.8,,,
"Proximates, Parmesan cheese, grated, store brand/other brand, SAFEWAY KITCHENS (CO,CA1) - NFY120DU4",,22.3,,,
"Proximates, Peanut butter, creamy, JIF (AL,CA1) - NFY120C96",,52.2,,,
"Proximates, Peanut butter, creamy, JIF (CA2,NC) - NFY120C9J",,51.8,,,
"Proximates, Peanut butter, creamy, JIF (CO,CT) - NFY120C9W",,51.7,,,
"Proximates, Peanut butter, creamy, JIF (FL,MO) - NFY120CAA",,51.4,,,
"Proximates, Peanut butter, creamy, JIF (IN,NY) - NFY120C8R",,52.0,,,
"Proximates, Peanut butter, creamy, JIF (MI,OK) - NFY120CAP",,52.7,,,
"Proximates, Peanut butter, creamy, SKIPPY (AL,CA1) - NFY120C6T",,50.8,,,
"Proximates, Peanut butter, creamy, SKIPPY (CA2,NC) - NFY120C77",,50.1,,,
"Proximates, Peanut butter, creamy, SKIPPY (CO,CT) - NFY120C7L",,50.3,,,
"Proximates, Peanut butter, creamy, SKIPPY (FL,MO) - NFY120C8D",,49.7,,,
"Proximates, Peanut butter, creamy, SKIPPY (IN,NY) - NFY120C6F",,50.4,,,
"Proximates, Peanut butter, creamy, SKIPPY (MI) - NFY120C7Y",,50.2,,,
"Proximates, Peanut butter, creamy, store brand/other brand, AMERICAS CHOICE & GREAT VALUE (NY) - NFY120CB3",,52.5,,,
"Proximates, Peanut butter, creamy, store brand/other brand, GREAT VALUE (AL,OK) - NFY120CBI",,50.2,,,
"Proximates, Peanut butter, creamy, store brand/other brand, HYVEE & PUBLIX (FL,MO) - NFY120CCO",,51.0,,,
"Proximates, Peanut butter, creamy, store brand/other brand, KROGER (IN,MI) - NFY120CCA",,51.2,,,
"Proximates, Peanut butter, creamy, store brand/other brand, MY ESSENTIALS & SUNNY SELECT (CA2,NC) - NFY120CBW",,50.0,,,
"Proximates, Peanut butter, creamy, store brand/other brand, SAFEWAY KITCHENS & SHOP RITE (CO,CT) - NFY120CD2",,51.8,,,
"Proximates, Pickles, kosher dill, spears, CLAUSEN (AL,CA1) - NFY120HNX",,0.35,,,
"Proximates, Pickles, kosher dill, spears, CLAUSEN (CA2,NC) - NFY120HOC",,0.24,,,
"Proximates, Pickles, kosher dill, spears, CLAUSEN (CO,CT) - NFY120HOK",,0.2,,,
"Proximates, Pickles, kosher dill, spears, CLAUSEN (FL,MO) - NFY120HP5",,0.33,,,
"Proximates, Pickles, kosher dill, spears, CLAUSEN (IN,NY) - NFY120HNO",,0.3,,,
"Proximates, Pickles, kosher dill, spears, CLAUSEN (MI,OK) - NFY120HOV",,0.36,,,
"Proximates, Pickles, kosher dill, spears, VLASIC (AL,CA1) - NFY120HLX",,0.32,,,
"Proximates, Pickles, kosher dill, spears, VLASIC (CA2,NC) - NFY120HMD",,0.36,,,
"Proximates, Pickles, kosher dill, spears, VLASIC (CO,CT) - NFY120HMM",,0.4,,,
"Proximates, Pickles, kosher dill, spears, VLASIC (FL,MO) - NFY120HMY",,0.24,,,
"Proximates, Pickles, kosher dill, spears, VLASIC (IN,NY) - NFY120HLM",,0.3,,,
"Proximates, Pickles, kosher dill, spears, VLASIC (MI,OK) - NFY120HN9",,0.24,,,
"Proximates, Pickles, kosher dill, spears, store brand, AMERICAS CHOICE & SHOP RITE (NY,CT1) - NFY120HPJ",,0.28,,,
"Proximates, Pickles, kosher dill, spears, store brand, FOOD LION & SUNNY SELECT (NC1,CA2) - NFY120HQ5",,0.28,,,
"Proximates, Pickles, kosher dill, spears, store brand, GREAT VALUE & GREAT VALUE (AL1,OK1) - NFY120HQD",,0.36,,,
"Proximates, Pickles, kosher dill, spears, store brand, HY VEE & PUBLIX (MO1,FL) - NFY120HQO",,0.3,,,
"Proximates, Pickles, kosher dill, spears, store brand, KROGER (IN1,MI1) - NFY120HQX",,0.37,,,
"Proximates, Pickles, kosher dill, spears, store brand, SAFEWAY (CA1,CO1) - NFY120HPR",,0.25,,,
"Proximates, Pollock, raw (CO) - NFY060DMJ",,0.51,,,
"Proximates, Pollock, raw (CT) - NFY060DMV",,0.51,,,
"Proximates, Pollock, raw (IN) - NFY060DN7",,0.47,,,
"Proximates, Pollock, raw (MI) - NFY060DP7",,0.37,,,
"Proximates, Pollock, raw (MO) - NFY060DNV",,0.21,,,
"Proximates, Pollock, raw (NC) - NFY060DLV",,0.37,,,
"Proximates, Pollock, raw (NY) - NFY060DO7",,0.4,,,
"Proximates, Pollock, raw (OK) - NFY060DM7",,0.41,,,
"Proximates, Pupusas, Bean, flat stuffed corn biscuit (CA-AL,IL) - NFY0901VC",,9.3,,,
"Proximates, Pupusas, Bean, flat stuffed corn biscuit (CA-LA) - NFY0901XT",,10.7,,,
"Proximates, Pupusas, Bean, flat stuffed corn biscuit (FL,CA-SB) - NFY0901WC",,11.3,,,
"Proximates, Pupusas, Bean, flat stuffed corn biscuit (MD,NM) - NFY0901WT",,8.23,,,
"Proximates, Pupusas, Bean, flat stuffed corn biscuit (TX-HA,NV) - NFY0901XC",,9.46,,,
"Proximates, Pupusas, Bean, flat stuffed corn biscuit (TX-TR) - NFY0901VT",,5.08,,,
"Proximates, Salsa, PACE CHUNKY, MEDIUM (AL,CA1) - NFY090KXG",,0.1,,,
"Proximates, Salsa, PACE CHUNKY, MEDIUM (CA2,NC) - NFY090KXS",,0.2,,,
"Proximates, Salsa, PACE CHUNKY, MEDIUM (CO,CT) - NFY090KYD",,0.1,,,
"Proximates, Salsa, PACE CHUNKY, MEDIUM (FL,MO) - NFY090KYM",,0.2,,,
"Proximates, Salsa, PACE CHUNKY, MEDIUM (IN,NY) - NFY090KWU",,0.2,,,
"Proximates, Salsa, PACE CHUNKY, MEDIUM (MI,OK) - NFY090KYY",,0.2,,,
"Proximates, Salsa, TOSTITOS CHUNKY, MEDIUM (AL,CA1) - NFY090KUN",,0.1,,,
"Proximates, Salsa, TOSTITOS CHUNKY, MEDIUM (CA2,NC) - NFY090KUZ",,0.2,,,
"Proximates, Salsa, TOSTITOS CHUNKY, MEDIUM (CO,CT) - NFY090KVK",,0.2,,,
"Proximates, Salsa, TOSTITOS CHUNKY, MEDIUM (FL,MO) - NFY090KVT",,0.1,,,
"Proximates, Salsa, TOSTITOS CHUNKY, MEDIUM (IN,NY) - NFY090KU1",,0.2,,,
"Proximates, Salsa, TOSTITOS CHUNKY, MEDIUM (MI,OK) - NFY090KW5",,0.2,,,
"Proximates, Sauce, pasta, HUNTS original, canned spaghetti sauce (AL1) - NFY0904YX",,0.82,,,
"Proximates, Sauce, pasta, HUNTS original, canned spaghetti sauce (CA1) - NFY0904Z3",,0.67,,,
"Proximates, Sauce, pasta, HUNTS original, canned spaghetti sauce (CA2) - NFY0904Z9",,0.65,,,
"Proximates, Sauce, pasta, HUNTS original, canned spaghetti sauce (CO2) - NFY0904ZL",,0.79,,,
"Proximates, Sauce, pasta, HUNTS original, canned spaghetti sauce (CT1) - NFY0904ZR",,0.67,,,
"Proximates, Sauce, pasta, HUNTS original, canned spaghetti sauce (FL1) - NFY0904ZX",,1.02,,,
"Proximates, Sauce, pasta, HUNTS original, canned spaghetti sauce (IN1) - NFY0904YL",,0.83,,,
"Proximates, Sauce, pasta, HUNTS original, canned spaghetti sauce (MI1) - NFY090509",,0.91,,,
"Proximates, Sauce, pasta, HUNTS original, canned spaghetti sauce (MO1) - NFY090503",,0.76,,,
"Proximates, Sauce, pasta, HUNTS original, canned spaghetti sauce (NC1) - NFY0904ZF",,0.63,,,
"Proximates, Sauce, pasta, HUNTS original, canned spaghetti sauce (NY1) - NFY0904YR",,0.78,,,
"Proximates, Sauce, pasta, HUNTS original, canned spaghetti sauce (OK1) - NFY09050F",,0.8,,,
"Proximates, Sauce, pasta, PREGO 100% Natural Italian, Traditional, bottled spaghetti sauce (AL1) - NFY0904VF",,1.38,,,
"Proximates, Sauce, pasta, PREGO 100% Natural Italian, Traditional, bottled spaghetti sauce (CA1) - NFY0904VL",,1.38,,,
"Proximates, Sauce, pasta, PREGO 100% Natural Italian, Traditional, bottled spaghetti sauce (CA2) - NFY0904VR",,1.4,,,
"Proximates, Sauce, pasta, PREGO 100% Natural Italian, Traditional, bottled spaghetti sauce (CO2) - NFY0904W3",,1.71,,,
"Proximates, Sauce, pasta, PREGO 100% Natural Italian, Traditional, bottled spaghetti sauce (CT1) - NFY0904W9",,1.42,,,
"Proximates, Sauce, pasta, PREGO 100% Natural Italian, Traditional, bottled spaghetti sauce (FL1) - NFY0904WF",,1.67,,,
"Proximates, Sauce, pasta, PREGO 100% Natural Italian, Traditional, bottled spaghetti sauce (IN1) - NFY0904V3",,1.21,,,
"Proximates, Sauce, pasta, PREGO 100% Natural Italian, Traditional, bottled spaghetti sauce (MI1) - NFY0904WR",,1.47,,,
"Proximates, Sauce, pasta, PREGO 100% Natural Italian, Traditional, bottled spaghetti sauce (MO1) - NFY0904WL",,1.52,,,
"Proximates, Sauce, pasta, PREGO 100% Natural Italian, Traditional, bottled spaghetti sauce (NC1) - NFY0904VX",,1.35,,,
"Proximates, Sauce, pasta, PREGO 100% Natural Italian, Traditional, bottled spaghetti sauce (NY1) - NFY0904V9",,1.9,,,
"Proximates, Sauce, pasta, PREGO 100% Natural Italian, Traditional, bottled spaghetti sauce (OK1) - NFY0904WX",,1.88,,,
"Proximates, Sauce, pasta, RAGU Old World, bottled spaghetti sauce (AL1) - NFY0904RX",,1.98,,,
"Proximates, Sauce, pasta, RAGU Old World, bottled spaghetti sauce (CA1) - NFY0904S3",,2.05,,,
"Proximates, Sauce, pasta, RAGU Old World, bottled spaghetti sauce (CA2) - NFY0904S9",,2.14,,,
"Proximates, Sauce, pasta, RAGU Old World, bottled spaghetti sauce (CO2) - NFY0904SL",,2.02,,,
"Proximates, Sauce, pasta, RAGU Old World, bottled spaghetti sauce (CT1) - NFY0904SR",,2.16,,,
"Proximates, Sauce, pasta, RAGU Old World, bottled spaghetti sauce (FL1) - NFY0904SX",,2.34,,,
"Proximates, Sauce, pasta, RAGU Old World, bottled spaghetti sauce (IN1) - NFY0904RL",,2.16,,,
"Proximates, Sauce, pasta, RAGU Old World, bottled spaghetti sauce (MI1) - NFY0904T9",,1.97,,,
"Proximates, Sauce, pasta, RAGU Old World, bottled spaghetti sauce (MO1) - NFY0904T3",,2.82,,,
"Proximates, Sauce, pasta, RAGU Old World, bottled spaghetti sauce (NC1) - NFY0904SF",,1.87,,,
"Proximates, Sauce, pasta, RAGU Old World, bottled spaghetti sauce (NY1) - NFY0904RR",,2.24,,,
"Proximates, Sauce, pasta, RAGU Old World, bottled spaghetti sauce (OK1) - NFY0904TF",,1.99,,,
"Proximates, Sugar, Granulated, White, Name brand (AL1, CA1, MI1) - NFY040XEH",,0.64,,,
"Proximates, Sugar, Granulated, White, Name brand (CA2, NC1, OK1) - NFY040XDN",,0.22,,,
"Proximates, Sugar, Granulated, White, Name brand (CO2, CT1, IN1) - NFY040XDX",,0.19,,,
"Proximates, Sugar, Granulated, White, Name brand (FL1, MO1, NY1) - NFY040XE7",,0.11,,,
"Proximates, Sugar, Granulated, White, store brand (AL1, CA1, MI1) - NFY040XFL",,0.48,,,
"Proximates, Sugar, Granulated, White, store brand (CA2, NC1, OK1) - NFY040XER",,0.33,,,
"Proximates, Sugar, Granulated, White, store brand (CO2, CT1, IN1) - NFY040XF1",,0.55,,,
"Proximates, Sugar, Granulated, White, store brand (FL1, MO1, NY1) - NFY040XFB",,0.33,,,
"Proximates, Sweet And Sour Pork, Chinese restaurant (CA1,VA) - NFY0903J7",,17.0,,,
"Proximates, Sweet And Sour Pork, Chinese restaurant (CA2,NC1) - NFY0903JU",,3.34,,,
"Proximates, Sweet And Sour Pork, Chinese restaurant (CO1,CT1) - NFY0903KH",,14.2,,,
"Proximates, Sweet And Sour Pork, Chinese restaurant (IN1,NY1) - NFY0903IK",,14.8,,,
"Proximates, Sweet And Sour Pork, Chinese restaurant (MI1,VA3) - NFY0903LR",,16.0,,,
"Proximates, Sweet And Sour Pork, Chinese restaurant (VA2,WV) - NFY0903L4",,16.4,,,
"Proximates, Tamale, Pork (CA-AL,IL) - NFY09027Y",,9.23,,,
"Proximates, Tamale, Pork (CA-LA,CA-SD) - NFY0902AU",,10.2,,,
"Proximates, Tamale, Pork (CA-SB) - NFY090294",,9.57,,,
"Proximates, Tamale, Pork (NM) - NFY09029O",,9.12,,,
"Proximates, Tamale, Pork (TX-HA,NV) - NFY0902AA",,10.9,,,
"Proximates, Tamale, Pork (TX-TR) - NFY09028I",,5.19,,,
"Proximates, Tomatoes, diced, canned, DEL MONTE (CO, CT) - NFY120AN4",,0.22,,,
"Proximates, Tomatoes, diced, canned, DEL MONTE (FL, MO) - NFY120ANA",,0.19,,,
"Proximates, Tomatoes, diced, canned, DEL MONTE (MI, OK) - NFY120ANH",,0.15,,,
"Proximates, Tomatoes, diced, canned, DEL MONTE (NC, NY) - NFY120AMK",,0.14,,,
"Proximates, Tomatoes, diced, canned, HUNTS (AL, CA1) - NFY120ALO",,0.49,,,
"Proximates, Tomatoes, diced, canned, HUNTS (CA2, NC) - NFY120ALU",,0.18,,,
"Proximates, Tomatoes, diced, canned, HUNTS (CO, CT) - NFY120AM1",,0.2,,,
"Proximates, Tomatoes, diced, canned, HUNTS (FL, MO) - NFY120AM7",,0.64,,,
"Proximates, Tomatoes, diced, canned, HUNTS (IN, NY) - NFY120ALH",,0.17,,,
"Proximates, Tomatoes, diced, canned, HUNTS (MI, OK) - NFY120AME",,0.14,,,
"Proximates, Tomatoes, diced, canned, STORE BRAND, BIG DAISY & SAFEWAY KITCHENS (CO, CT) - NFY120AO7",,0.09,,,
"Proximates, Tomatoes, diced, canned, STORE BRAND, GREAT VALUE & S&W PREMIUM (AL, CA1) - NFY120AMR",,0.16,,,
"Proximates, Tomatoes, diced, canned, STORE BRAND, GREAT VALUE (AL, OK) - NFY120ANU",,0.43,,,
"Proximates, Tomatoes, diced, canned, STORE BRAND, HY VEE & PUBLIX (FL, MO) - NFY120AOD",,0.21,,,
"Proximates, Tomatoes, diced, canned, STORE BRAND, HYTOP PREMIUM QUALITY & AMERICAS CHOICE (CA1, NY) - NFY120AOK",,0.12,,,
"Proximates, Tomatoes, diced, canned, STORE BRAND, KROGER BRAND (IN, MI) - NFY120ANN",,0.39,,,
"Proximates, Tomatoes, diced, canned, STORE BRAND, SUNNY SELECT & VINE RIPE (CA2, NC) - NFY120AO0",,0.19,,,
"Proximates, Tomatoes, diced, canned, VALUE TIME (CA2) - NFY120AMX",,0.48,,,
"Proximates, Tuna, canned, in water, drained solids,  BUMBLEBEE CHUNK LIGHT, IN WATER  (AL,CA1) - NFY090S0S",,1.26,,,
"Proximates, Tuna, canned, in water, drained solids,  BUMBLEBEE CHUNK LIGHT, IN WATER  (CA2,NC) - NFY090S13",,0.86,,,
"Proximates, Tuna, canned, in water, drained solids,  BUMBLEBEE CHUNK LIGHT, IN WATER  (CO,CT) - NFY090S1C",,1.27,,,
"Proximates, Tuna, canned, in water, drained solids,  BUMBLEBEE CHUNK LIGHT, IN WATER  (FL,MO) - NFY090S1K",,0.96,,,
"Proximates, Tuna, canned, in water, drained solids,  BUMBLEBEE CHUNK LIGHT, IN WATER  (IN,NY) - NFY090S0B",,1.14,,,
"Proximates, Tuna, canned, in water, drained solids,  BUMBLEBEE CHUNK LIGHT, IN WATER  (MI,OK) - NFY090S1T",,1.06,,,
"Proximates, Tuna, canned, in water, drained solids,  CHICKEN OF THE SEA CHUNK LIGHT, IN WATER  (CO,CT) - NFY090S32",,0.85,,,
"Proximates, Tuna, canned, in water, drained solids,  CHICKEN OF THE SEA CHUNK LIGHT, IN WATER  (FL,MO) - NFY090S3A",,1.03,,,
"Proximates, Tuna, canned, in water, drained solids,  CHICKEN OF THE SEA CHUNK LIGHT, IN WATER  (IN,NY) - NFY090S21",,0.9,,,
"Proximates, Tuna, canned, in water, drained solids,  CHICKEN OF THE SEA CHUNK LIGHT, IN WATER  (MI,OK) - NFY090S3J",,1.01,,,
"Proximates, Tuna, canned, in water, drained solids,  CHICKEN OF THE SEA CHUNK LIGHT, IN WATER  (VA,CA1) - NFY090S2I",,0.97,,,
"Proximates, Tuna, canned, in water, drained solids,  CHICKEN OF THE SEA CHUNK LIGHT, IN WATER  (VA,NC) - NFY090S2T",,0.82,,,
"Proximates, Tuna, canned, in water, drained solids,  STARKIST, CHUNK LIGHT, IN WATER  (AL,CA1) - NFY090S48",,0.99,,,
"Proximates, Tuna, canned, in water, drained solids,  STARKIST, CHUNK LIGHT, IN WATER  (CA2,NC) - NFY090S4J",,0.86,,,
"Proximates, Tuna, canned, in water, drained solids,  STARKIST, CHUNK LIGHT, IN WATER  (CO,CT) - NFY090S4S",,0.86,,,
"Proximates, Tuna, canned, in water, drained solids,  STARKIST, CHUNK LIGHT, IN WATER  (FL,MO) - NFY090S50",,0.85,,,
"Proximates, Tuna, canned, in water, drained solids,  STARKIST, CHUNK LIGHT, IN WATER  (IN,NY) - NFY090S3R",,1.18,,,
"Proximates, Tuna, canned, in water, drained solids,  STARKIST, CHUNK LIGHT, IN WATER  (MI,OK) - NFY090S59",,1.09,,,
"Proximates, Tuna, canned, in water, drained solids, store brand,  AMERICAS CHOICE &  KROGER (IN,NY) - NFY090S5H",,0.84,,,
"Proximates, Tuna, canned, in water, drained solids, store brand,  GREAT VALUE &  KROGER (MI,OK) - NFY090S6Z",,0.83,,,
"Proximates, Tuna, canned, in water, drained solids, store brand,  GREAT VALUE &  MIDWEST COUNTRY FARE (FL,MO) - NFY090S6Q",,0.9,,,
"Proximates, Tuna, canned, in water, drained solids, store brand,  GREAT VALUE &  SAFEWAY (AL,CA1) - NFY090S5Y",,0.87,,,
"Proximates, Tuna, canned, in water, drained solids, store brand,  MY ESSENTIALS &  SUNNY SELECT (CA2,NC) - NFY090S69",,0.98,,,
"Proximates, Tuna, canned, in water, drained solids, store brand,  SAFEWAY &  SHOP RITE (CO,CT) - NFY090S6I",,1.01,,,
"Proximates, White bread, PEPPERIDGE FARMS (CO1,CT1) - NFY0907N6",,5.4,,,
"Proximates, White bread, PEPPERIDGE FARMS (FL1,MO1) - NFY0907NU",,5.2,,,
"Proximates, White bread, PEPPERIDGE FARMS (NC1,NY1,MI1) - NFY0907OU",,5.3,,,
"Proximates, White bread, SARA LEE SOFT AND SMOOTH CLASSIC WHOLE (AL1,CA1) - NFY0907PY",,3.6,,,
"Proximates, White bread, SARA LEE SOFT AND SMOOTH CLASSIC WHOLE (IN1,MO1) - NFY0907PE",,4.0,,,
"Proximates, White bread, store brand, AMERICAS CHOICE LARGE WHITE (NY1) - NFY0907II",,2.4,,,
"Proximates, White bread, store brand, FOOD WORLD SANDWICH BREAD (AL1) - NFY0907IT",,2.9,,,
"Proximates, White bread, store brand, GREAT VALUE WHITE (OK1) - NFY0907LK",,3.4,,,
"Proximates, White bread, store brand, KROGER BREAD (IN1) - NFY0907I7",,2.3,,,
"Proximates, White bread, store brand, KROGER BREAD (MI1) - NFY0907L9",,3.2,,,
"Proximates, White bread, store brand, LOWES FOOD STORE (NC1) - NFY0907JQ",,3.2,,,
"Proximates, White bread, store brand, PUBLIX BREAD (FL1) - NFY0907KN",,3.3,,,
"Proximates, White bread, store brand, SAFEWAY PREMIUM WHITE (CA1) - NFY0907J4",,3.3,,,
"Proximates, White bread, store brand, SAFEWAY PREMIUM WHITE (CO1) - NFY0907K1",,3.1,,,
"Proximates, White bread, store brand, SHOP RITE ROUND TOP WHITE (CT1) - NFY0907KC",,2.6,,,
"Proximates, White bread, store brand, SUNNYSIDE FARMS BREAD (CA2) - NFY0907JF",,4.3,,,
"Proximates, Whole wheat bread, NATURES OWN (AL,OK) - NFY1204OL",,3.22,,,
"Proximates, Whole wheat bread, NATURES OWN (FL,NC) - NFY1204Q6",,3.52,,,
"Proximates, Whole wheat bread, NATURES OWN (IN,CT) - NFY1204PE",,3.34,,,
"Proximates, Whole wheat bread, STROEHMANN DUTCH COUNTY (NY) - NFY1204M8",,3.15,,,
"Proximates, Whole wheat bread, Store brand/other (AL,OK) - NFY1204QY",,3.62,,,
"Proximates, Whole wheat bread, Store brand/other (CA1,CO) - NFY1204RQ",,3.78,,,
"Proximates, Whole wheat bread, Store brand/other (CA2,CT) - NFY1204RE",,4.0,,,
"Proximates, Whole wheat bread, Store brand/other (FL,MO) - NFY1204S6",,3.89,,,
"Proximates, Whole wheat bread, Store brand/other (IN,NY) - NFY1204QM",,3.4,,,
"Proximates, Whole wheat bread, Store brand/other (MI,NC) - NFY1204SI",,3.56,,,
"Proximates, Yogurt, Greek, strawberry, non-fat, CHOBANI (AL,CA1) - NFY120OP9",7.66,0.1,,,
"Proximates, Yogurt, Greek, strawberry, non-fat, CHOBANI (CA2,NC) - NFY120OPG",7.96,0.1,,,
"Proximates, Yogurt, Greek, strawberry, non-fat, CHOBANI (CO,CT) - NFY120OPV",7.92,0.2,,,
"Proximates, Yogurt, Greek, strawberry, non-fat, CHOBANI (FL,MO) - NFY120OQ2",8.24,0.07,,,
"Proximates, Yogurt, Greek, strawberry, non-fat, CHOBANI (IN,NY) - NFY120OOV",8.07,0.2,,,
"Proximates, Yogurt, Greek, strawberry, non-fat, CHOBANI (MI,OK) - NFY120OQI",8.36,0.07,,,
"Proximates, Yogurt, Greek, strawberry, non-fat, DANNON OIKOS (AL,CA1) - NFY120ON9",8.21,0.2,,,
"Proximates, Yogurt, Greek, strawberry, non-fat, DANNON OIKOS (CA2,NC) - NFY120ONI",7.88,0.3,,,
"Proximates, Yogurt, Greek, strawberry, non-fat, DANNON OIKOS (CO,CT) - NFY120OO0",7.95,0.2,,,
"Proximates, Yogurt, Greek, strawberry, non-fat, DANNON OIKOS (FL,MO) - NFY120OO8",7.91,0.2,,,
"Proximates, Yogurt, Greek, strawberry, non-fat, DANNON OIKOS (IN,NY) - NFY120OMR",8.27,0.2,,,
"Proximates, Yogurt, Greek, strawberry, non-fat, DANNON OIKOS (MI,OK) - NFY120OOL",7.98,0.2,,,
"Proximates, Yogurt, Greek, strawberry, non-fat, FAGE TOTAL (CA1,OK) - NFY120OQS",8.16,0.1,,,
"Proximates, Yogurt, Greek, strawberry, non-fat, FAGE TOTAL (CA2,CO) - NFY120OS1",8.09,0.07,,,
"Proximates, Yogurt, Greek, strawberry, non-fat, FAGE TOTAL (FL,CT) - NFY120PA7",8.32,0.07,,,
"Proximates, Yogurt, Greek, strawberry, non-fat, FAGE TOTAL (NY,NC) - NFY120ORF",8.06,0.1,,,
"Radicchio, raw",1.30875,0.14312222222222223,4.96125,,
"Radishes, red, raw",0.65625,0.08312555555555555,4.05682,,
"Raspberries, raw",1.008125,0.1875,12.904375,,
"Restaurant, Chinese, fried rice, without meat",3.84,3.19,32.5,174.0,729.0
"Restaurant, Chinese, sweet and sour pork",8.88,13.6,25.5,260.0,1090.0
"Restaurant, Latino, pupusas con frijoles (pupusas, bean)",5.59,9.01,31.5,229.0,959.0
"Restaurant, Latino, tamale, pork",7.38,9.04,15.8,174.0,728.0
"Rice, black, unenriched, raw",7.56875,3.4375555555555555,77.18825,,
"Rice, brown, long grain, unenriched, raw",7.25305,3.306,76.68795,,
"Rice, red, unenriched, dry, raw",8.5625,3.44,76.1545,,
"Rice, white, long grain, unenriched, raw",7.03885,1.033,80.31315,,
"Romaine Lettuce, Pass 2, Region 1 - Proximates - NFY0105FO",,0.28,,,
"Romaine Lettuce, Pass 2, Region 2 - Proximates - NFY0105GK",,0.21,,,
"Romaine Lettuce, Pass 2, Region 3 - Proximates - NFY0105HB",,0.16,,,
"Romaine Lettuce, Pass 2, Region 4 - Proximates - NFY0105I4",,0.26,,,
"Romaine Lettuce, Region 1, n/a, Yes - Proximates - NFY0101Q8",,0.31,,,
"Romaine Lettuce, Region 2, n/a, Yes - Proximates - NFY0101R5",,0.31,,,
"Romaine Lettuce, Region 3, n/a, Yes - Proximates - NFY0101S5",,0.23,,,
"Romaine Lettuce, Region 4, n/a, Yes - Proximates - NFY0101T5",,0.34,,,
"Rutabaga, peeled, raw",0.8875,,,,
"SOY MILK, UNSWEETENED, PLAIN, SHELF STABLE",,2.125,,,
"SPINACH, BABY",,0.61875,,,
"SPINACH, REGULAR (MATURE)",,0.604375,,,
Salsa,,0.20833333333333334,,,
"Sauce, pasta, spaghetti/marinara, ready-to-serve",1.41,1.48,8.05,45.0,186.0
"Sauce, salsa, ready-to-serve",1.44,0.19,6.74,29.0,122.0
"Sausage, Italian, pork, mild, cooked, pan-fried",18.2,26.2,2.15,322.0,1350.0
"Sausage, breakfast sausage, beef, pre-cooked, unprepared",13.3,28.7,3.37,328.0,1370.0
"Sausage, pork, chorizo, link or ground, cooked, pan-fried",19.3,28.1,2.63,346.0,1450.0
"Sausage, turkey, breakfast links, mild, raw",16.7,10.4,0.93,169.0,706.0
"Scallops, bay, Patagonian, frozen, wild caught",16.3875,0.4191714285714286,2.2833,,
"Scallops, sea, frozen, wild caught",13.5125,0.49332857142857145,1.9662,,
"Sea bass, Chilean, frozen, wild caught",14.925,16.572142857142858,0.1392,,
"Seeds, pumpkin seeds (pepitas), raw",29.9079,40.03,18.6751,,
"Seeds, sunflower seed kernels, dry roasted, with salt added",21.0,56.1,17.1,612.0,2560.0
"Seeds, sunflower seed, kernel, raw",18.8733,48.44,24.5007,,
"Sesame butter, creamy",19.7054,62.4,14.179,,
"Shallots, bulb, peeled, root removed, raw",1.3775,,,,
"Snapper, frozen, wild caught",20.6625,0.5691714285714286,0.4413,,
"Snow crab, legs only, frozen  ",15.5375,0.2941714285714286,1.1063,,
"Sorghum bran, white, unenriched, dry, raw",11.16875,9.258625,68.69525,,
"Sorghum flour, white, pearled, unenriched, dry, raw",10.2125,3.2375555555555557,73.5065,,
"Sorghum grain, white, pearled, unenriched, dry, raw",10.25,3.265,74.872,,
"Sorghum, whole grain, white, dry, raw",10.08125,4.2187777777777775,73.57375,,
"Soy milk, sweetened, plain, refrigerated",2.776875,1.957,2.996125,,
"Soy milk, unsweetened, plain, shelf stable",3.546875,2.125,1.293125,,
"Spinach, baby",2.851875,0.6188,2.406325,,
"Spinach, mature",2.90625,0.6044,2.64135,,
"Squash, acorn, raw",,0.1825,,,
"Squash, butternut, raw",,0.1675,,,
"Squash, pie pumpkin, peeled, seeded, raw",0.854375,,,,
"Squash, spaghetti, peeled, seeded, raw",0.791875,,,,
"Squash, summer, green, zucchini, includes skin, raw",0.984375,0.205,3.27,,
"Squash, summer, yellow, includes skin, raw",0.890625,0.135,4.39,,
"Squash, winter, acorn, raw",1.25,0.1825,10.48,,
"Squash, winter, butternut, raw",1.14875,0.1675,10.50745,,
"Squash, yellow, raw",,0.135,,,
"Squash, zucchini, raw",,0.205,,,
"Squid (calamari), frozen, tubes only",8.80625,0.5508285714285714,0.93215,,
"Strawberries, Fresh, Pass 2, Region 1, n/a, Yes - Proximates, NFY0108ZB",,0.32,,,
"Strawberries, Fresh, Pass 2, Region 2, n/a, Yes - Proximates, NFY010906",,0.25,,,
"Strawberries, Fresh, Pass 2, Region 3, n/a, Yes - Proximates, NFY010911",,0.01,,,
"Strawberries, Fresh, Pass 2, Region 4, n/a, Yes - Proximates, NFY01091W",,0.26,,,
"Strawberries, fresh, Region 1, n/a, Yes - Proximates, NF0008IF",,0.31,,,
"Strawberries, fresh, Region 2, n/a, Yes - Proximates, NF0008JC",,0.13,,,
"Strawberries, fresh, Region 3, n/a, Yes - Proximates, NF0008K3",,0.25,,,
"Strawberries, fresh, Region 4, n/a, Yes - Proximates, NF0008L0",,0.22,,,
"Strawberries, raw",0.6403125000000001,0.22,7.7971875,31.0,132.0
"Sugars, granulated",0.0,0.32,99.6,385.0,1610.0
Sunflower seeds dry roasted salted,,56.099999999999994,,,
"Sweet Potatoes, Orange Flesh, without skin, Raw",,0.375,,,
"Sweet potatoes, orange flesh, without skin, raw",1.578125,0.375,17.327875,,
"Swordfish, frozen, wild caught",19.2375,8.12257142857143,0.4495,,
"TOMATO JUICE, SHELF STABLE, FROM CONCENTRATE, WITH ADDED INGREDIENTS",,0.2875,,,
"TOMATOES, GRAPE",,0.6283333333333333,,,
"TOMATOES, ROMA",,0.425,,,
"TURKEY BREAKFAST SAUSAGE, BUTTERBALL",,11.9,,,
"TURKEY BREAKFAST SAUSAGE, HILLSHIRE SMOKED",,9.37,,,
"TURKEY BREAKFAST SAUSAGE, HONEYSUCKLE FRESH",,11.2,,,
"TURKEY BREAKFAST SAUSAGE, HONEYSUCKLE WHITE",,9.936666666666667,,,
"TURKEY BREAKFAST SAUSAGE, JENNIE O - MILD",,9.81,,,
"TURKEY BREAKFAST SAUSAGE, JIMMY DEAN",,11.0,,,
"Tomatillos, dehusked, raw",1.064375,,,,
"Tomato juice, with added ingredients, from concentrate, shelf stable",0.859375,0.2875,4.320625,,
"Tomato, paste, canned, without salt added",4.234375,0.7325,20.188125,,
"Tomato, puree, canned",1.578125,0.265,8.036875,,
"Tomato, roma",0.695625,0.425,3.837475,,
"Tomato, sauce, canned, with salt added",1.351875,0.3825,6.331625,,
"Tomatoes, canned",,0.7416666666666667,,,
"Tomatoes, canned, red, ripe, diced",0.84,0.5,3.32,18.0,76.0
"Tomatoes, crushed, canned",1.4375,0.3975,7.137,,
"Tomatoes, grape, raw",0.83,0.63,5.51,27.0,113.0
"Tomatoes, whole, canned, solids and liquids, with salt added",0.8675,0.2063,4.2874,,
"Total Fat, Ground turkey, 93% lean, 7% fat, pan-broiled crumbles (AL1)",,12.2,,,
"Total Fat, Ground turkey, 93% lean, 7% fat, pan-broiled crumbles (CA1)",,9.79,,,
"Total Fat, Ground turkey, 93% lean, 7% fat, pan-broiled crumbles (CA2)",,10.1,,,
"Total Fat, Ground turkey, 93% lean, 7% fat, pan-broiled crumbles (CO1)",,9.49,,,
"Total Fat, Ground turkey, 93% lean, 7% fat, pan-broiled crumbles (CT1)",,11.9,,,
"Total Fat, Ground turkey, 93% lean, 7% fat, pan-broiled crumbles (FL1)",,11.3,,,
"Total Fat, Ground turkey, 93% lean, 7% fat, pan-broiled crumbles (IN1)",,13.0,,,
"Total Fat, Ground turkey, 93% lean, 7% fat, pan-broiled crumbles (MI1)",,12.2,,,
"Total Fat, Ground turkey, 93% lean, 7% fat, pan-broiled crumbles (MO1)",,12.2,,,
"Total Fat, Ground turkey, 93% lean, 7% fat, pan-broiled crumbles (NC1)",,13.1,,,
"Total Fat, Ground turkey, 93% lean, 7% fat, pan-broiled crumbles (NY1)",,12.2,,,
"Total Fat, Ground turkey, 93% lean, 7% fat, patties, broiled (AL1)",,13.8,,,
"Total Fat, Ground turkey, 93% lean, 7% fat, patties, broiled (AL1,CA1,MI1)",,11.5,,,
"Total Fat, Ground turkey, 93% lean, 7% fat, patties, broiled (CA1)",,9.59,,,
"Total Fat, Ground turkey, 93% lean, 7% fat, patties, broiled (CA2)",,10.1,,,
"Total Fat, Ground turkey, 93% lean, 7% fat, patties, broiled (CA2,NC1)",,12.0,,,
"Total Fat, Ground turkey, 93% lean, 7% fat, patties, broiled (CO1)",,8.94,,,
"Total Fat, Ground turkey, 93% lean, 7% fat, patties, broiled (CO1,CT1,IN1)",,11.0,,,
"Total Fat, Ground turkey, 93% lean, 7% fat, patties, broiled (CT1)",,12.2,,,
"Total Fat, Ground turkey, 93% lean, 7% fat, patties, broiled (FL1)",,11.2,,,
"Total Fat, Ground turkey, 93% lean, 7% fat, patties, broiled (FL1,MO1,NY1)",,12.1,,,
"Total Fat, Ground turkey, 93% lean, 7% fat, patties, broiled (IN1)",,11.8,,,
"Total Fat, Ground turkey, 93% lean, 7% fat, patties, broiled (MI1)",,13.0,,,
"Total Fat, Ground turkey, 93% lean, 7% fat, patties, broiled (MO1)",,11.4,,,
"Total Fat, Ground turkey, 93% lean, 7% fat, patties, broiled (NC1)",,13.0,,,
"Total Fat, Ground turkey, 93% lean, 7% fat, patties, broiled (NY1)",,11.0,,,
"Total Fat, Ground turkey, 93% lean, 7% fat, patties, broiled (National)",,11.8,,,
"Total Fat, Ground turkey, 93% lean, 7% fat, raw (AL1)",,9.29,,,
"Total Fat, Ground turkey, 93% lean, 7% fat, raw (AL1,CA1,MI1)",,8.35,,,
"Total Fat, Ground turkey, 93% lean, 7% fat, raw (CA1)",,7.08,,,
"Total Fat, Ground turkey, 93% lean, 7% fat, raw (CA2)",,7.9,,,
"Total Fat, Ground turkey, 93% lean, 7% fat, raw (CA2,NC1)",,9.08,,,
"Total Fat, Ground turkey, 93% lean, 7% fat, raw (CO1)",,6.93,,,
"Total Fat, Ground turkey, 93% lean, 7% fat, raw (CO1,CT1,IN1)",,8.15,,,
"Total Fat, Ground turkey, 93% lean, 7% fat, raw (CT1)",,8.68,,,
"Total Fat, Ground turkey, 93% lean, 7% fat, raw (FL1)",,8.2,,,
"Total Fat, Ground turkey, 93% lean, 7% fat, raw (FL1,MO1,NY1)",,8.14,,,
"Total Fat, Ground turkey, 93% lean, 7% fat, raw (IN1)",,8.1,,,
"Total Fat, Ground turkey, 93% lean, 7% fat, raw (MI1)",,8.39,,,
"Total Fat, Ground turkey, 93% lean, 7% fat, raw (MO1)",,8.49,,,
"Total Fat, Ground turkey, 93% lean, 7% fat, raw (NC1)",,10.1,,,
"Total Fat, Ground turkey, 93% lean, 7% fat, raw (NY1)",,8.65,,,
"Total Fat, Ground turkey, 93% lean, 7% fat, raw (National)",,8.55,,,
"Total lipid, Sugar, Granulated, White, name brand (AL1, CA1, MI1) - NFY040XEJ",,0.0,,,
"Tuna, ahi or yellowfin, frozen, wild caught",24.7,0.3875,-0.1045,,
Tuna; chunk light; canned in water; drained solids,,0.8833333333333333,,,
"Turkey, ground, 93% lean, 7% fat, pan-broiled crumbles",27.1,11.6,0.0,220.0,922.0
"Turkey, ground, 93% lean, 7% fat, raw",,9.59125,,,
"Turkey, ground, 93% lean/ 7% fat, raw",17.34375,9.591,0.0,,
"Turnips, raw",0.953125,0.11875555555555556,7.274975,,
"Watermelon, seedless, flesh only, raw",0.87125,,,,
"Watermelon, seedless, rind only, raw",0.53125,0.9657125,3.27075,,
Whole eggs,,10.290714285714285,,,
"Whole eggs, dried",,39.752941176470586,,,
"Wild rice, dry, raw",12.7875,1.7037777777777778,75.6695,,
"Yogurt, Greek, plain, nonfat",10.3,0.37,3.64,61.0,256.0
"Yogurt, Greek, plain, whole milk",8.77888,4.394,4.75402,,
"Yogurt, Greek, strawberry, nonfat",8.06,0.15,12.2,83.0,347.0
"Yogurt, Greek, whole milk, plain",,4.394375,,,
"Yogurt, plain, nonfat",4.22675,0.0875,8.07675,,
"Yogurt, plain, whole milk",3.824172,4.484,5.574928,,
"Yogurt, whole milk, plain",,4.484375,,,
"almond butter, creamy",,53.04375,,,
"almond milk, refrigerated, unsweetened",,1.5575,,,
"amaranth, flour",,6.23625,,,
"applesauce, unsweetened, with vit C added",,0.1625,,,
"barley, flour",,2.45,,,
"beans, black, canned, sodium added",,1.2725,,,
"beans, blackeye pea, canned, sodium added",,1.2962500000000001,,,
"beans, cannellini, canned, sodium added",,1.16875,,,
"beans, cannellini, dry",,2.19875,,,
"beans, chick peas/garbanzos, canned, sodium added",,3.09625,,,
"beans, chickpeas/garbanzos, dry",,6.27375,,,
"beans, great northern, canned, sodium added",,1.2662499999999999,,,
"beans, kidney, dark red, canned, sodium added, sugar added",,1.25625,,,
"beans, kidney, light red, canned, sodium added, sugar added",,1.29875,,,
"beans, navy, canned, sodium added",,1.3975,,,
"beans, pinto, canned, sodium added",,1.26625,,,
"beef, chuck, roast, boneless",,17.79875,,,
"beef, flank steak",,9.39875,,,
"beef, ribeye steak, boneless",,20.035,,,
"beef, top round, boneless",,5.7025,,,
"blackeye pea, dry",,2.41875,,,
"blueberries, fresh, raw",,0.30625,,,
"brazil nuts, raw",,57.43125,,,
"brown rice, long grain, unenriched",,3.30625,,,
"buckwheat, flour",,2.48375,,,
"buckwheat, whole grain",,3.03875,,,
"cabbage, green, raw",,0.22749999999999998,,,
"cabbage, red, raw",,0.21375,,,
"carrots, baby, raw, peeled",,0.1375,,,
"carrots, mature, raw",,0.350625,,,
"cashews, raw",,38.85625,,,
cassava flour,,0.49375,,,
"catfish, farm raised, raw, skin removed",,7.3075,,,
"celery, raw",,0.1625,,,
chestnut flour,,4.63625,,,
"chicken, breast, boneless, skinless",,1.93375,,,
"chicken, thighs, boneless, skinless",,7.91625,,,
coconut flour,,15.28125,,,
"cod, Atlantic, wild caught, raw, skin removed",,0.6675,,,
cotija (solid),,27.244285714285716,,,
"cottage cheese, 4% milkfat, large curd",,4.15,,,
"cottage cheese, 4% milkfat, small curd",,4.24375,,,
"crab, blue swimming, lump, pasteurized, refrigerated",,0.8075,,,
"cream cheese, block, full fat",,33.49375,,,
"cucumber, with skin, raw",,0.1775,,,
"flour, 00",,1.52,,,
"flour, semolina, fine",,1.8375,,,
"flour, spelt, whole grain",,2.5425,,,
fresco (solid),,23.35625,,,
"grapes, green, seedless, fresh, raw",,0.2325,,,
"grapes, red, seedless, fresh, raw",,0.16375,,,
ground flaxseed meal,,37.28,,,
"hazelnuts, raw",,53.49,,,
heavy cream,,35.5625,,,
"lentils, brown, dry",,1.98,,,
"lentils, dry",,1.917142857142857,,,
"macadamia nuts, raw",,64.9325,,,
"millet, whole grain",,4.19375,,,
"monterey jack cheese, block",,32.63,,,
"mushrooms, crimini",,0.19666666666666666,,,
"mushrooms, enoki",,0.245,,,
"mushrooms, hon-shimiji (beech), white",,0.44937499999999997,,,
"mushrooms, king oyster",,0.3075,,,
"mushrooms, maitake",,0.265,,,
"mushrooms, pioppini",,0.24,,,
"mushrooms, portabella",,0.3116666666666667,,,
"oat milk, refrigerated, unsweetened",,2.7487500000000002,,,
oaxaca ,,22.0975,,,
"peanut butter, creamy",,49.43375,,,
"peanuts, raw",,43.276250000000005,,,
"peas, green, sweet, canned, sodium added, sugar added",,1.1525,,,
"peppers, bell, green, raw",,0.10625,,,
"peppers, bell, orange, raw",,0.1575,,,
"peppers, bell, orange, raw, mini ",,0.14,,,
"peppers, bell, red, raw",,0.10500000000000001,,,
"peppers, bell, red, raw, mini ",,0.29,,,
"peppers, bell, yellow, raw",,0.09625,,,
"peppers, bell, yellow, raw, mini ",,0.32,,,
"pistachio nuts, raw",,45.01875,,,
"pork, ground, raw",,17.48857142857143,,,
"pork, loin, boneless",,9.46875,,,
"pork, tenderloin, boneless",,3.89875,,,
"provolone cheese, sliced, non-smoked",,28.16333333333333,,,
"provolone cheese, sliced, smoked",,28.009999999999998,,,
"pumpkin seeds (pepitas), raw",,40.03375,,,
"quinoa, flour",,6.60125,,,
"raspberries, fresh, raw",,0.1875,,,
"rye, flour",,1.9075,,,
"salmon, Atlantic, farm raised, raw, skin removed",,13.10875,,,
"salmon, sockeye, wild caught, raw, skin removed",,4.93625,,,
"sesame seed butter (tahini), creamy",,62.3975,,,
"shrimp, farm raised, raw, tail off, head off, shell removed, not deveined, 21/25 count",,0.75,,,
"shrimp, farm raised, raw, tail off, head off, shell removed, not deveined, 26/30 count",,0.7475,,,
"shrimp, farm raised, raw, tail off, head off, shell removed, not deveined, 31/40 count",,0.55,,,
"shrimp, farm raised, raw, tail off, head off, shell removed, not deveined, 36/40 count",,1.37,,,
"sorghum, flour",,3.58625,,,
"sour cream, full fat",,17.985,,,
"soy milk, refrigerated, sweetened",,1.957142857142857,,,
"strawberries, fresh, raw",,0.22,,,
"sunflower seed kernels, raw",,48.43875,,,
"tilapia, farm raised, raw, skin removed",,2.47875,,,
"tomato, paste, canned, double- concentrated, without salt added",,0.78,,,
"tomato, paste, canned, without salt added",,0.7257142857142858,,,
"tomato, puree, canned, no salt added",,0.23857142857142857,,,
"tomato, puree, canned, salt added",,0.45,,,
"tomato, sauce, canned, with salt added",,0.3825,,,
"tomatoes, crushed, canned, no salt added",,0.35,,,
"tomatoes, crushed, canned, salt added",,0.4042857142857143,,,
"tomatoes, whole, canned, solids and liquids, with salt added",,0.20625,,,
"white rice, long grain, unenriched",,1.033125,,,
"yogurt, plain, nonfat",,0.0875,,,
